Year,SDG Series,Degree of urbanisation,Value
2000,Proportion of population using basic drinking water services [1.4.1],,27
2001,Proportion of population using basic drinking water services [1.4.1],,28
2002,Proportion of population using basic drinking water services [1.4.1],,29
2003,Proportion of population using basic drinking water services [1.4.1],,30
2004,Proportion of population using basic drinking water services [1.4.1],,32
2005,Proportion of population using basic drinking water services [1.4.1],,33
2006,Proportion of population using basic drinking water services [1.4.1],,34
2007,Proportion of population using basic drinking water services [1.4.1],,36
2008,Proportion of population using basic drinking water services [1.4.1],,37
2009,Proportion of population using basic drinking water services [1.4.1],,39
2010,Proportion of population using basic drinking water services [1.4.1],,40
2011,Proportion of population using basic drinking water services [1.4.1],,42
2012,Proportion of population using basic drinking water services [1.4.1],,43
2013,Proportion of population using basic drinking water services [1.4.1],,45
2014,Proportion of population using basic drinking water services [1.4.1],,46
2015,Proportion of population using basic drinking water services [1.4.1],,48
2016,Proportion of population using basic drinking water services [1.4.1],,49
2017,Proportion of population using basic drinking water services [1.4.1],,51
2018,Proportion of population using basic drinking water services [1.4.1],,53
2019,Proportion of population using basic drinking water services [1.4.1],,54
2020,Proportion of population using basic drinking water services [1.4.1],,56
2000,Proportion of population using basic drinking water services [1.4.1],Rural,19
2001,Proportion of population using basic drinking water services [1.4.1],Rural,20
2002,Proportion of population using basic drinking water services [1.4.1],Rural,21
2003,Proportion of population using basic drinking water services [1.4.1],Rural,23
2004,Proportion of population using basic drinking water services [1.4.1],Rural,24
2005,Proportion of population using basic drinking water services [1.4.1],Rural,25
2006,Proportion of population using basic drinking water services [1.4.1],Rural,26
2007,Proportion of population using basic drinking water services [1.4.1],Rural,28
2008,Proportion of population using basic drinking water services [1.4.1],Rural,29
2009,Proportion of population using basic drinking water services [1.4.1],Rural,31
2010,Proportion of population using basic drinking water services [1.4.1],Rural,32
2011,Proportion of population using basic drinking water services [1.4.1],Rural,33
2012,Proportion of population using basic drinking water services [1.4.1],Rural,35
2013,Proportion of population using basic drinking water services [1.4.1],Rural,37
2014,Proportion of population using basic drinking water services [1.4.1],Rural,38
2015,Proportion of population using basic drinking water services [1.4.1],Rural,40
2016,Proportion of population using basic drinking water services [1.4.1],Rural,41
2017,Proportion of population using basic drinking water services [1.4.1],Rural,43
2018,Proportion of population using basic drinking water services [1.4.1],Rural,45
2019,Proportion of population using basic drinking water services [1.4.1],Rural,46
2020,Proportion of population using basic drinking water services [1.4.1],Rural,48
2000,Proportion of population using basic drinking water services [1.4.1],Urban,70
2001,Proportion of population using basic drinking water services [1.4.1],Urban,70
2002,Proportion of population using basic drinking water services [1.4.1],Urban,71
2003,Proportion of population using basic drinking water services [1.4.1],Urban,71
2004,Proportion of population using basic drinking water services [1.4.1],Urban,72
2005,Proportion of population using basic drinking water services [1.4.1],Urban,72
2006,Proportion of population using basic drinking water services [1.4.1],Urban,73
2007,Proportion of population using basic drinking water services [1.4.1],Urban,73
2008,Proportion of population using basic drinking water services [1.4.1],Urban,73
2009,Proportion of population using basic drinking water services [1.4.1],Urban,74
2010,Proportion of population using basic drinking water services [1.4.1],Urban,74
2011,Proportion of population using basic drinking water services [1.4.1],Urban,75
2012,Proportion of population using basic drinking water services [1.4.1],Urban,75
2013,Proportion of population using basic drinking water services [1.4.1],Urban,76
2014,Proportion of population using basic drinking water services [1.4.1],Urban,76
2015,Proportion of population using basic drinking water services [1.4.1],Urban,77
2016,Proportion of population using basic drinking water services [1.4.1],Urban,77
2017,Proportion of population using basic drinking water services [1.4.1],Urban,77
2018,Proportion of population using basic drinking water services [1.4.1],Urban,78
2019,Proportion of population using basic drinking water services [1.4.1],Urban,78
2020,Proportion of population using basic drinking water services [1.4.1],Urban,79
2000,Proportion of population using basic sanitation services [1.4.1],,17
2001,Proportion of population using basic sanitation services [1.4.1],,17
2002,Proportion of population using basic sanitation services [1.4.1],,17
2003,Proportion of population using basic sanitation services [1.4.1],,17
2004,Proportion of population using basic sanitation services [1.4.1],,17
2005,Proportion of population using basic sanitation services [1.4.1],,18
2006,Proportion of population using basic sanitation services [1.4.1],,18
2007,Proportion of population using basic sanitation services [1.4.1],,18
2008,Proportion of population using basic sanitation services [1.4.1],,18
2009,Proportion of population using basic sanitation services [1.4.1],,18
2010,Proportion of population using basic sanitation services [1.4.1],,18
2011,Proportion of population using basic sanitation services [1.4.1],,19
2012,Proportion of population using basic sanitation services [1.4.1],,19
2013,Proportion of population using basic sanitation services [1.4.1],,19
2014,Proportion of population using basic sanitation services [1.4.1],,19
2015,Proportion of population using basic sanitation services [1.4.1],,19
2016,Proportion of population using basic sanitation services [1.4.1],,19
2017,Proportion of population using basic sanitation services [1.4.1],,19
2018,Proportion of population using basic sanitation services [1.4.1],,20
2019,Proportion of population using basic sanitation services [1.4.1],,20
2020,Proportion of population using basic sanitation services [1.4.1],,20
2000,Proportion of population using basic sanitation services [1.4.1],Rural,15
2001,Proportion of population using basic sanitation services [1.4.1],Rural,15
2002,Proportion of population using basic sanitation services [1.4.1],Rural,15
2003,Proportion of population using basic sanitation services [1.4.1],Rural,15
2004,Proportion of population using basic sanitation services [1.4.1],Rural,15
2005,Proportion of population using basic sanitation services [1.4.1],Rural,15
2006,Proportion of population using basic sanitation services [1.4.1],Rural,15
2007,Proportion of population using basic sanitation services [1.4.1],Rural,16
2008,Proportion of population using basic sanitation services [1.4.1],Rural,16
2009,Proportion of population using basic sanitation services [1.4.1],Rural,16
2010,Proportion of population using basic sanitation services [1.4.1],Rural,16
2011,Proportion of population using basic sanitation services [1.4.1],Rural,16
2012,Proportion of population using basic sanitation services [1.4.1],Rural,16
2013,Proportion of population using basic sanitation services [1.4.1],Rural,16
2014,Proportion of population using basic sanitation services [1.4.1],Rural,16
2015,Proportion of population using basic sanitation services [1.4.1],Rural,17
2016,Proportion of population using basic sanitation services [1.4.1],Rural,17
2017,Proportion of population using basic sanitation services [1.4.1],Rural,17
2018,Proportion of population using basic sanitation services [1.4.1],Rural,17
2019,Proportion of population using basic sanitation services [1.4.1],Rural,17
2020,Proportion of population using basic sanitation services [1.4.1],Rural,17
2000,Proportion of population using basic sanitation services [1.4.1],Urban,29
2001,Proportion of population using basic sanitation services [1.4.1],Urban,29
2002,Proportion of population using basic sanitation services [1.4.1],Urban,29
2003,Proportion of population using basic sanitation services [1.4.1],Urban,29
2004,Proportion of population using basic sanitation services [1.4.1],Urban,29
2005,Proportion of population using basic sanitation services [1.4.1],Urban,29
2006,Proportion of population using basic sanitation services [1.4.1],Urban,29
2007,Proportion of population using basic sanitation services [1.4.1],Urban,29
2008,Proportion of population using basic sanitation services [1.4.1],Urban,29
2009,Proportion of population using basic sanitation services [1.4.1],Urban,28
2010,Proportion of population using basic sanitation services [1.4.1],Urban,28
2011,Proportion of population using basic sanitation services [1.4.1],Urban,28
2012,Proportion of population using basic sanitation services [1.4.1],Urban,28
2013,Proportion of population using basic sanitation services [1.4.1],Urban,28
2014,Proportion of population using basic sanitation services [1.4.1],Urban,28
2015,Proportion of population using basic sanitation services [1.4.1],Urban,28
2016,Proportion of population using basic sanitation services [1.4.1],Urban,28
2017,Proportion of population using basic sanitation services [1.4.1],Urban,28
2018,Proportion of population using basic sanitation services [1.4.1],Urban,28
2019,Proportion of population using basic sanitation services [1.4.1],Urban,28
2020,Proportion of population using basic sanitation services [1.4.1],Urban,28
