Year,COMMENT_OBS,SOURCE_DETAIL,SDG Series,Observation-level footnotes,Source details,Value
2020,Responses to a set of key questons have been included in this dataset. ,Data gathered as a result of a survey,"Recipient countries of global funding with access to any funding from global financial mechanisms for projects related to invasive alien species  management (1 = YES, 0 = NO) [15.8.1]",Responses to a set of key questons have been included in this dataset. ,Data gathered as a result of a survey,1
2010,,"Data gathered through a literature search (primary sources ECOLEX, FAOLEX) and consultation with country experts","Legislation, Regulation, Act related to the prevention of introduction and management of Invasive Alien Species (1 = YES, 0 = NO) [15.8.1]",2020 dataset disaggregated into relevant themes,Data gathered from the latest version of NBSAP,1
2016,,"Data gathered through a literature search (primary sources ECOLEX, FAOLEX) and consultation with country experts","Legislation, Regulation, Act related to the prevention of introduction and management of Invasive Alien Species (1 = YES, 0 = NO) [15.8.1]",2020 dataset disaggregated into relevant themes,Data gathered from the latest version of NBSAP,1
2020,2020 dataset disaggregated into relevant themes,Data gathered from the latest version of NBSAP,"Legislation, Regulation, Act related to the prevention of introduction and management of Invasive Alien Species (1 = YES, 0 = NO) [15.8.1]",2020 dataset disaggregated into relevant themes,Data gathered from the latest version of NBSAP,1
2020,Obs_Value = 0;  Responses to a set of key questons have been included in this dataset. ,Data gathered as a result of a survey,"Countries with an allocation from the national budget to manage the threat of invasive alien species (1 = YES, 0 = NO) [15.8.1]",Obs_Value = 0;  Responses to a set of key questons have been included in this dataset. ,Data gathered as a result of a survey,0
2016,Reference to Target 9 was a requirement,Data gathered from the latest version of NBSAP,"National Biodiversity Strategy and Action Plan (NBSAP) targets alignment to Aichi Biodiversity target 9 set out in the Strategic Plan for Biodiversity 2011-2020 (1 = YES, 0 = NO) [15.8.1]",Reference to Target 9 was a requirement,Data gathered from the latest version of NBSAP,1
2020,Reference to Target 9 was a requirement,Data gathered from the latest version of NBSAP,"National Biodiversity Strategy and Action Plan (NBSAP) targets alignment to Aichi Biodiversity target 9 set out in the Strategic Plan for Biodiversity 2011-2020 (1 = YES, 0 = NO) [15.8.1]",Reference to Target 9 was a requirement,Data gathered from the latest version of NBSAP,1
