Year,SDG Series,Sex,Value
2016,Proportion of population subjected to physical violence in the previous 12 months [16.1.3],Female,22.0
2016,Proportion of population subjected to physical violence in the previous 12 months [16.1.3],Male,20.0
2016,Proportion of population subjected to robbery in the previous 12 months [16.1.3],,2.1
2016,Proportion of population subjected to sexual violence in the previous 12 months [16.1.3],Female,12.7
2016,Proportion of population subjected to sexual violence in the previous 12 months [16.1.3],Male,4.0
