Year,NATURE,COMMENT_OBS,SOURCE_DETAIL,Sex,Observation-level footnotes,Value
2015,G,The data source is Transparency International's Global Corruption Barometer. The data were not provided by the Member State.,Global Corruption Barometer,,The National Governance Peace and Security Survey 2017,38
2017,C,The National Governance Peace and Security Survey 2017,National Statistical Office,,The National Governance Peace and Security Survey 2017,16
2017,C,Source: The National Governance Peace and Security Survey 2017,National Statistical Office,Female,Source: The National Governance Peace and Security Survey 2017,13
2017,C,Source: The National Governance Peace and Security Survey 2017,National Statistical Office,Male,Source: The National Governance Peace and Security Survey 2017,21
