Year,SDG Series,Value
2016,Proportion of project objectives in new development interventions drawn from country-led result frameworks - data by recipient [17.15.1],92.5
2018,Proportion of project objectives in new development interventions drawn from country-led result frameworks - data by recipient [17.15.1],85.91549
2016,Proportion of results indicators drawn from country-led results frameworks - data by recipient (%) [17.15.1],45.7
2018,Proportion of results indicators drawn from country-led results frameworks - data by recipient (%) [17.15.1],42.65898
2016,Proportion of results indicators which will be monitored using government sources and monitoring systems - data by recipient (%) [17.15.1],35.2
2018,Proportion of results indicators which will be monitored using government sources and monitoring systems - data by recipient (%) [17.15.1],40.43389
2016,Extent of use of country-owned results frameworks and planning tools by providers of development cooperation - data by recipient (%)  [17.15.1],57.8
2018,Extent of use of country-owned results frameworks and planning tools by providers of development cooperation - data by recipient (%)  [17.15.1],56.33612
