Year,COMMENT_OBS,SDG Series,Observation-level footnotes,Value
2015,"Obs_Value = 0;  Value ""1"" represents country's birth registration data are at least 90 per cent complete. ""0"" represents country's birth registration data are less than 90 per cent complete.",Countries with birth registration data that are at least 90 percent complete (1 = YES; 0 = NO) [17.19.2],"Obs_Value = 0;  Value ""1"" represents country's birth registration data are at least 90 per cent complete. ""0"" represents country's birth registration data are less than 90 per cent complete.",0
2016,"Obs_Value = 0;  Value ""1"" represents country's birth registration data are at least 90 per cent complete. ""0"" represents country's birth registration data are less than 90 per cent complete.",Countries with birth registration data that are at least 90 percent complete (1 = YES; 0 = NO) [17.19.2],"Obs_Value = 0;  Value ""1"" represents country's birth registration data are at least 90 per cent complete. ""0"" represents country's birth registration data are less than 90 per cent complete.",0
2017,"Obs_Value = 0;  Value ""1"" represents country's birth registration data are at least 90 per cent complete. ""0"" represents country's birth registration data are less than 90 per cent complete.",Countries with birth registration data that are at least 90 percent complete (1 = YES; 0 = NO) [17.19.2],"Obs_Value = 0;  Value ""1"" represents country's birth registration data are at least 90 per cent complete. ""0"" represents country's birth registration data are less than 90 per cent complete.",0
2018,"Obs_Value = 0;  Value ""1"" represents country's birth registration data are at least 90 per cent complete. ""0"" represents country's birth registration data are less than 90 per cent complete.",Countries with birth registration data that are at least 90 percent complete (1 = YES; 0 = NO) [17.19.2],"Obs_Value = 0;  Value ""1"" represents country's birth registration data are at least 90 per cent complete. ""0"" represents country's birth registration data are less than 90 per cent complete.",0
2019,"Obs_Value = 0;  Value ""1"" represents country's birth registration data are at least 90 per cent complete. ""0"" represents country's birth registration data are less than 90 per cent complete.",Countries with birth registration data that are at least 90 percent complete (1 = YES; 0 = NO) [17.19.2],"Obs_Value = 0;  Value ""1"" represents country's birth registration data are at least 90 per cent complete. ""0"" represents country's birth registration data are less than 90 per cent complete.",0
2020,"Obs_Value = 0;  Value ""1"" represents country's birth registration data are at least 90 per cent complete. ""0"" represents country's birth registration data are less than 90 per cent complete.",Countries with birth registration data that are at least 90 percent complete (1 = YES; 0 = NO) [17.19.2],"Obs_Value = 0;  Value ""1"" represents country's birth registration data are at least 90 per cent complete. ""0"" represents country's birth registration data are less than 90 per cent complete.",0
2020,"Obs_Value = 0;  Value ""1"" represents country's death registration data are at least 75 per cent complete. ""0"" represents country's death registration data are less than 75 per cent complete.",Countries with death registration data that are at least 75 percent complete (1 = YES; 0 = NO) [17.19.2],"Obs_Value = 0;  Value ""1"" represents country's death registration data are at least 75 per cent complete. ""0"" represents country's death registration data are less than 75 per cent complete.",0
