Year,UNIT_MULT,NATURE,COMMENT_OBS,UPPER_BOUND,LOWER_BOUND,SOURCE_DETAIL,SDG Series,Unit of measure,Unit multiplier,Nature of data points,Observation-level footnotes,Upper bound value,Lower bound value,Source details,Value
2000,0,CA, 41 out of 45 districts,5.6,4.4,"Uganda demographic and health survey 2000-2001. Demographic and Health Surveys. Calverton, Maryland, USA: UBOS and ORC Macro, 2001",Proportion of children moderately or severely wasted [2.2.2],Percent,Units,Country Adjusted,Oedema data was not considered in the analysis ,4.1,2.9,"Uganda Demographic and Health Survey 2016. Kampala, Uganda and Rockville, Maryland, USA: UBOS and ICF. 2018",5.0
2006,0,CA,,7.3,5.3,"Uganda demographic and health survey 2006. Demographic and Health Surveys. Calverton, Maryland, USA: UBOS and Macro International Inc., 2007",Proportion of children moderately or severely wasted [2.2.2],Percent,Units,Country Adjusted,Oedema data was not considered in the analysis ,4.1,2.9,"Uganda Demographic and Health Survey 2016. Kampala, Uganda and Rockville, Maryland, USA: UBOS and ICF. 2018",6.2
2009,0,CA,Oedema data was not considered in the analysis ,5.5,3.5,The Uganda National Panel Survey (UNPS) 2009/10,Proportion of children moderately or severely wasted [2.2.2],Percent,Units,Country Adjusted,Oedema data was not considered in the analysis ,4.1,2.9,"Uganda Demographic and Health Survey 2016. Kampala, Uganda and Rockville, Maryland, USA: UBOS and ICF. 2018",4.4
2011,0,CA,,5.7,3.8,"Uganda demographic and health survey 2011. Demographic and Health Surveys. Kampala, Uganda: UBOS and Calverton, Maryland: ICF International Inc., 2012",Proportion of children moderately or severely wasted [2.2.2],Percent,Units,Country Adjusted,Oedema data was not considered in the analysis ,4.1,2.9,"Uganda Demographic and Health Survey 2016. Kampala, Uganda and Rockville, Maryland, USA: UBOS and ICF. 2018",4.6
2012,0,CA,Oedema data was not considered in the analysis ,6.7,2.6,"Uganda National Panel Survey (UNPS) - Wave III. Kampala, Uganda: UBOS, 2013",Proportion of children moderately or severely wasted [2.2.2],Percent,Units,Country Adjusted,Oedema data was not considered in the analysis ,4.1,2.9,"Uganda Demographic and Health Survey 2016. Kampala, Uganda and Rockville, Maryland, USA: UBOS and ICF. 2018",4.2
2014,0,CA,Oedema data was not considered in the analysis ,5,2.9,The Uganda National Panel Survey (UNPS) 2013/14,Proportion of children moderately or severely wasted [2.2.2],Percent,Units,Country Adjusted,Oedema data was not considered in the analysis ,4.1,2.9,"Uganda Demographic and Health Survey 2016. Kampala, Uganda and Rockville, Maryland, USA: UBOS and ICF. 2018",3.8
2016,0,CA,,4.1,2.9,"Uganda Demographic and Health Survey 2016. Kampala, Uganda and Rockville, Maryland, USA: UBOS and ICF. 2018",Proportion of children moderately or severely wasted [2.2.2],Percent,Units,Country Adjusted,Oedema data was not considered in the analysis ,4.1,2.9,"Uganda Demographic and Health Survey 2016. Kampala, Uganda and Rockville, Maryland, USA: UBOS and ICF. 2018",3.5
2000,3,CA, 41 out of 45 districts,266.9,207.1,"Uganda demographic and health survey 2000-2001. Demographic and Health Surveys. Calverton, Maryland, USA: UBOS and ORC Macro, 2001",Children moderately or severely wasted (number) [2.2.2],Number,Thousands,Country Adjusted,Oedema data was not considered in the analysis ,294,212.3,"Uganda Demographic and Health Survey 2016. Kampala, Uganda and Rockville, Maryland, USA: UBOS and ICF. 2018",235.2
2006,3,CA,,413.4,297.1,"Uganda demographic and health survey 2006. Demographic and Health Surveys. Calverton, Maryland, USA: UBOS and Macro International Inc., 2007",Children moderately or severely wasted (number) [2.2.2],Number,Thousands,Country Adjusted,Oedema data was not considered in the analysis ,294,212.3,"Uganda Demographic and Health Survey 2016. Kampala, Uganda and Rockville, Maryland, USA: UBOS and ICF. 2018",350.7
2009,3,CA,Oedema data was not considered in the analysis ,338.7,216.3,The Uganda National Panel Survey (UNPS) 2009/10,Children moderately or severely wasted (number) [2.2.2],Number,Thousands,Country Adjusted,Oedema data was not considered in the analysis ,294,212.3,"Uganda Demographic and Health Survey 2016. Kampala, Uganda and Rockville, Maryland, USA: UBOS and ICF. 2018",271.0
2011,3,CA,,368.3,241.6,"Uganda demographic and health survey 2011. Demographic and Health Surveys. Kampala, Uganda: UBOS and Calverton, Maryland: ICF International Inc., 2012",Children moderately or severely wasted (number) [2.2.2],Number,Thousands,Country Adjusted,Oedema data was not considered in the analysis ,294,212.3,"Uganda Demographic and Health Survey 2016. Kampala, Uganda and Rockville, Maryland, USA: UBOS and ICF. 2018",298.7
2012,3,CA,Oedema data was not considered in the analysis ,438.8,167.7,"Uganda National Panel Survey (UNPS) - Wave III. Kampala, Uganda: UBOS, 2013",Children moderately or severely wasted (number) [2.2.2],Number,Thousands,Country Adjusted,Oedema data was not considered in the analysis ,294,212.3,"Uganda Demographic and Health Survey 2016. Kampala, Uganda and Rockville, Maryland, USA: UBOS and ICF. 2018",272.6
2014,3,CA,Oedema data was not considered in the analysis ,343.6,201.5,The Uganda National Panel Survey (UNPS) 2013/14,Children moderately or severely wasted (number) [2.2.2],Number,Thousands,Country Adjusted,Oedema data was not considered in the analysis ,294,212.3,"Uganda Demographic and Health Survey 2016. Kampala, Uganda and Rockville, Maryland, USA: UBOS and ICF. 2018",263.5
2016,3,CA,,294,212.3,"Uganda Demographic and Health Survey 2016. Kampala, Uganda and Rockville, Maryland, USA: UBOS and ICF. 2018",Children moderately or severely wasted (number) [2.2.2],Number,Thousands,Country Adjusted,Oedema data was not considered in the analysis ,294,212.3,"Uganda Demographic and Health Survey 2016. Kampala, Uganda and Rockville, Maryland, USA: UBOS and ICF. 2018",249.9
2000,0,M,"Figure is a modelled estimate. For primary sources, please refer to the metadata.",6.7,4.1,"Source: Joint Child Malnutrition Estimates (2021 Edition), United Nations Children's Fund (UNICEF), World Health Organisation (WHO) and the World Bank Group.",Proportion of children moderately or severely overweight [2.2.2],Percent,Units,Modeled,"The estimates for the year 2020 do not account for the full impact of COVID-19.  Household survey data on child height and age were not collected in 2020 due to physical distancing policies. One of the covariates used in the country model takes the impact of COVID-19 partially into account. , Figure is a modelled estimate. For primary sources, please refer to the metadata.",5.8,2.8,"Source: Joint Child Malnutrition Estimates (2021 Edition), United Nations Children's Fund (UNICEF), World Health Organisation (WHO) and the World Bank Group.",5.3
2001,0,M,"Figure is a modelled estimate. For primary sources, please refer to the metadata.",6.9,4.3,"Source: Joint Child Malnutrition Estimates (2021 Edition), United Nations Children's Fund (UNICEF), World Health Organisation (WHO) and the World Bank Group.",Proportion of children moderately or severely overweight [2.2.2],Percent,Units,Modeled,"The estimates for the year 2020 do not account for the full impact of COVID-19.  Household survey data on child height and age were not collected in 2020 due to physical distancing policies. One of the covariates used in the country model takes the impact of COVID-19 partially into account. , Figure is a modelled estimate. For primary sources, please refer to the metadata.",5.8,2.8,"Source: Joint Child Malnutrition Estimates (2021 Edition), United Nations Children's Fund (UNICEF), World Health Organisation (WHO) and the World Bank Group.",5.5
2002,0,M,"Figure is a modelled estimate. For primary sources, please refer to the metadata.",7,4.4,"Source: Joint Child Malnutrition Estimates (2021 Edition), United Nations Children's Fund (UNICEF), World Health Organisation (WHO) and the World Bank Group.",Proportion of children moderately or severely overweight [2.2.2],Percent,Units,Modeled,"The estimates for the year 2020 do not account for the full impact of COVID-19.  Household survey data on child height and age were not collected in 2020 due to physical distancing policies. One of the covariates used in the country model takes the impact of COVID-19 partially into account. , Figure is a modelled estimate. For primary sources, please refer to the metadata.",5.8,2.8,"Source: Joint Child Malnutrition Estimates (2021 Edition), United Nations Children's Fund (UNICEF), World Health Organisation (WHO) and the World Bank Group.",5.6
2003,0,M,"Figure is a modelled estimate. For primary sources, please refer to the metadata.",7,4.5,"Source: Joint Child Malnutrition Estimates (2021 Edition), United Nations Children's Fund (UNICEF), World Health Organisation (WHO) and the World Bank Group.",Proportion of children moderately or severely overweight [2.2.2],Percent,Units,Modeled,"The estimates for the year 2020 do not account for the full impact of COVID-19.  Household survey data on child height and age were not collected in 2020 due to physical distancing policies. One of the covariates used in the country model takes the impact of COVID-19 partially into account. , Figure is a modelled estimate. For primary sources, please refer to the metadata.",5.8,2.8,"Source: Joint Child Malnutrition Estimates (2021 Edition), United Nations Children's Fund (UNICEF), World Health Organisation (WHO) and the World Bank Group.",5.6
2004,0,M,"Figure is a modelled estimate. For primary sources, please refer to the metadata.",6.9,4.5,"Source: Joint Child Malnutrition Estimates (2021 Edition), United Nations Children's Fund (UNICEF), World Health Organisation (WHO) and the World Bank Group.",Proportion of children moderately or severely overweight [2.2.2],Percent,Units,Modeled,"The estimates for the year 2020 do not account for the full impact of COVID-19.  Household survey data on child height and age were not collected in 2020 due to physical distancing policies. One of the covariates used in the country model takes the impact of COVID-19 partially into account. , Figure is a modelled estimate. For primary sources, please refer to the metadata.",5.8,2.8,"Source: Joint Child Malnutrition Estimates (2021 Edition), United Nations Children's Fund (UNICEF), World Health Organisation (WHO) and the World Bank Group.",5.6
2005,0,M,"Figure is a modelled estimate. For primary sources, please refer to the metadata.",6.6,4.4,"Source: Joint Child Malnutrition Estimates (2021 Edition), United Nations Children's Fund (UNICEF), World Health Organisation (WHO) and the World Bank Group.",Proportion of children moderately or severely overweight [2.2.2],Percent,Units,Modeled,"The estimates for the year 2020 do not account for the full impact of COVID-19.  Household survey data on child height and age were not collected in 2020 due to physical distancing policies. One of the covariates used in the country model takes the impact of COVID-19 partially into account. , Figure is a modelled estimate. For primary sources, please refer to the metadata.",5.8,2.8,"Source: Joint Child Malnutrition Estimates (2021 Edition), United Nations Children's Fund (UNICEF), World Health Organisation (WHO) and the World Bank Group.",5.4
2006,0,M,"Figure is a modelled estimate. For primary sources, please refer to the metadata.",6.3,4.2,"Source: Joint Child Malnutrition Estimates (2021 Edition), United Nations Children's Fund (UNICEF), World Health Organisation (WHO) and the World Bank Group.",Proportion of children moderately or severely overweight [2.2.2],Percent,Units,Modeled,"The estimates for the year 2020 do not account for the full impact of COVID-19.  Household survey data on child height and age were not collected in 2020 due to physical distancing policies. One of the covariates used in the country model takes the impact of COVID-19 partially into account. , Figure is a modelled estimate. For primary sources, please refer to the metadata.",5.8,2.8,"Source: Joint Child Malnutrition Estimates (2021 Edition), United Nations Children's Fund (UNICEF), World Health Organisation (WHO) and the World Bank Group.",5.2
2007,0,M,"Figure is a modelled estimate. For primary sources, please refer to the metadata.",5.9,4,"Source: Joint Child Malnutrition Estimates (2021 Edition), United Nations Children's Fund (UNICEF), World Health Organisation (WHO) and the World Bank Group.",Proportion of children moderately or severely overweight [2.2.2],Percent,Units,Modeled,"The estimates for the year 2020 do not account for the full impact of COVID-19.  Household survey data on child height and age were not collected in 2020 due to physical distancing policies. One of the covariates used in the country model takes the impact of COVID-19 partially into account. , Figure is a modelled estimate. For primary sources, please refer to the metadata.",5.8,2.8,"Source: Joint Child Malnutrition Estimates (2021 Edition), United Nations Children's Fund (UNICEF), World Health Organisation (WHO) and the World Bank Group.",4.9
2008,0,M,"Figure is a modelled estimate. For primary sources, please refer to the metadata.",5.6,3.8,"Source: Joint Child Malnutrition Estimates (2021 Edition), United Nations Children's Fund (UNICEF), World Health Organisation (WHO) and the World Bank Group.",Proportion of children moderately or severely overweight [2.2.2],Percent,Units,Modeled,"The estimates for the year 2020 do not account for the full impact of COVID-19.  Household survey data on child height and age were not collected in 2020 due to physical distancing policies. One of the covariates used in the country model takes the impact of COVID-19 partially into account. , Figure is a modelled estimate. For primary sources, please refer to the metadata.",5.8,2.8,"Source: Joint Child Malnutrition Estimates (2021 Edition), United Nations Children's Fund (UNICEF), World Health Organisation (WHO) and the World Bank Group.",4.6
2009,0,M,"Figure is a modelled estimate. For primary sources, please refer to the metadata.",5.3,3.6,"Source: Joint Child Malnutrition Estimates (2021 Edition), United Nations Children's Fund (UNICEF), World Health Organisation (WHO) and the World Bank Group.",Proportion of children moderately or severely overweight [2.2.2],Percent,Units,Modeled,"The estimates for the year 2020 do not account for the full impact of COVID-19.  Household survey data on child height and age were not collected in 2020 due to physical distancing policies. One of the covariates used in the country model takes the impact of COVID-19 partially into account. , Figure is a modelled estimate. For primary sources, please refer to the metadata.",5.8,2.8,"Source: Joint Child Malnutrition Estimates (2021 Edition), United Nations Children's Fund (UNICEF), World Health Organisation (WHO) and the World Bank Group.",4.4
2010,0,M,"Figure is a modelled estimate. For primary sources, please refer to the metadata.",5.1,3.5,"Source: Joint Child Malnutrition Estimates (2021 Edition), United Nations Children's Fund (UNICEF), World Health Organisation (WHO) and the World Bank Group.",Proportion of children moderately or severely overweight [2.2.2],Percent,Units,Modeled,"The estimates for the year 2020 do not account for the full impact of COVID-19.  Household survey data on child height and age were not collected in 2020 due to physical distancing policies. One of the covariates used in the country model takes the impact of COVID-19 partially into account. , Figure is a modelled estimate. For primary sources, please refer to the metadata.",5.8,2.8,"Source: Joint Child Malnutrition Estimates (2021 Edition), United Nations Children's Fund (UNICEF), World Health Organisation (WHO) and the World Bank Group.",4.2
2011,0,M,"Figure is a modelled estimate. For primary sources, please refer to the metadata.",4.9,3.4,"Source: Joint Child Malnutrition Estimates (2021 Edition), United Nations Children's Fund (UNICEF), World Health Organisation (WHO) and the World Bank Group.",Proportion of children moderately or severely overweight [2.2.2],Percent,Units,Modeled,"The estimates for the year 2020 do not account for the full impact of COVID-19.  Household survey data on child height and age were not collected in 2020 due to physical distancing policies. One of the covariates used in the country model takes the impact of COVID-19 partially into account. , Figure is a modelled estimate. For primary sources, please refer to the metadata.",5.8,2.8,"Source: Joint Child Malnutrition Estimates (2021 Edition), United Nations Children's Fund (UNICEF), World Health Organisation (WHO) and the World Bank Group.",4.0
2012,0,M,"Figure is a modelled estimate. For primary sources, please refer to the metadata.",4.7,3.2,"Source: Joint Child Malnutrition Estimates (2021 Edition), United Nations Children's Fund (UNICEF), World Health Organisation (WHO) and the World Bank Group.",Proportion of children moderately or severely overweight [2.2.2],Percent,Units,Modeled,"The estimates for the year 2020 do not account for the full impact of COVID-19.  Household survey data on child height and age were not collected in 2020 due to physical distancing policies. One of the covariates used in the country model takes the impact of COVID-19 partially into account. , Figure is a modelled estimate. For primary sources, please refer to the metadata.",5.8,2.8,"Source: Joint Child Malnutrition Estimates (2021 Edition), United Nations Children's Fund (UNICEF), World Health Organisation (WHO) and the World Bank Group.",3.9
2013,0,M,"Figure is a modelled estimate. For primary sources, please refer to the metadata.",4.7,3.1,"Source: Joint Child Malnutrition Estimates (2021 Edition), United Nations Children's Fund (UNICEF), World Health Organisation (WHO) and the World Bank Group.",Proportion of children moderately or severely overweight [2.2.2],Percent,Units,Modeled,"The estimates for the year 2020 do not account for the full impact of COVID-19.  Household survey data on child height and age were not collected in 2020 due to physical distancing policies. One of the covariates used in the country model takes the impact of COVID-19 partially into account. , Figure is a modelled estimate. For primary sources, please refer to the metadata.",5.8,2.8,"Source: Joint Child Malnutrition Estimates (2021 Edition), United Nations Children's Fund (UNICEF), World Health Organisation (WHO) and the World Bank Group.",3.8
2014,0,M,"Figure is a modelled estimate. For primary sources, please refer to the metadata.",4.7,3.1,"Source: Joint Child Malnutrition Estimates (2021 Edition), United Nations Children's Fund (UNICEF), World Health Organisation (WHO) and the World Bank Group.",Proportion of children moderately or severely overweight [2.2.2],Percent,Units,Modeled,"The estimates for the year 2020 do not account for the full impact of COVID-19.  Household survey data on child height and age were not collected in 2020 due to physical distancing policies. One of the covariates used in the country model takes the impact of COVID-19 partially into account. , Figure is a modelled estimate. For primary sources, please refer to the metadata.",5.8,2.8,"Source: Joint Child Malnutrition Estimates (2021 Edition), United Nations Children's Fund (UNICEF), World Health Organisation (WHO) and the World Bank Group.",3.8
2015,0,M,"Figure is a modelled estimate. For primary sources, please refer to the metadata.",4.7,3,"Source: Joint Child Malnutrition Estimates (2021 Edition), United Nations Children's Fund (UNICEF), World Health Organisation (WHO) and the World Bank Group.",Proportion of children moderately or severely overweight [2.2.2],Percent,Units,Modeled,"The estimates for the year 2020 do not account for the full impact of COVID-19.  Household survey data on child height and age were not collected in 2020 due to physical distancing policies. One of the covariates used in the country model takes the impact of COVID-19 partially into account. , Figure is a modelled estimate. For primary sources, please refer to the metadata.",5.8,2.8,"Source: Joint Child Malnutrition Estimates (2021 Edition), United Nations Children's Fund (UNICEF), World Health Organisation (WHO) and the World Bank Group.",3.8
2016,0,M,"Figure is a modelled estimate. For primary sources, please refer to the metadata.",4.8,2.9,"Source: Joint Child Malnutrition Estimates (2021 Edition), United Nations Children's Fund (UNICEF), World Health Organisation (WHO) and the World Bank Group.",Proportion of children moderately or severely overweight [2.2.2],Percent,Units,Modeled,"The estimates for the year 2020 do not account for the full impact of COVID-19.  Household survey data on child height and age were not collected in 2020 due to physical distancing policies. One of the covariates used in the country model takes the impact of COVID-19 partially into account. , Figure is a modelled estimate. For primary sources, please refer to the metadata.",5.8,2.8,"Source: Joint Child Malnutrition Estimates (2021 Edition), United Nations Children's Fund (UNICEF), World Health Organisation (WHO) and the World Bank Group.",3.8
2017,0,M,"Figure is a modelled estimate. For primary sources, please refer to the metadata.",5,2.9,"Source: Joint Child Malnutrition Estimates (2021 Edition), United Nations Children's Fund (UNICEF), World Health Organisation (WHO) and the World Bank Group.",Proportion of children moderately or severely overweight [2.2.2],Percent,Units,Modeled,"The estimates for the year 2020 do not account for the full impact of COVID-19.  Household survey data on child height and age were not collected in 2020 due to physical distancing policies. One of the covariates used in the country model takes the impact of COVID-19 partially into account. , Figure is a modelled estimate. For primary sources, please refer to the metadata.",5.8,2.8,"Source: Joint Child Malnutrition Estimates (2021 Edition), United Nations Children's Fund (UNICEF), World Health Organisation (WHO) and the World Bank Group.",3.8
2018,0,M,"Figure is a modelled estimate. For primary sources, please refer to the metadata.",5.2,2.8,"Source: Joint Child Malnutrition Estimates (2021 Edition), United Nations Children's Fund (UNICEF), World Health Organisation (WHO) and the World Bank Group.",Proportion of children moderately or severely overweight [2.2.2],Percent,Units,Modeled,"The estimates for the year 2020 do not account for the full impact of COVID-19.  Household survey data on child height and age were not collected in 2020 due to physical distancing policies. One of the covariates used in the country model takes the impact of COVID-19 partially into account. , Figure is a modelled estimate. For primary sources, please refer to the metadata.",5.8,2.8,"Source: Joint Child Malnutrition Estimates (2021 Edition), United Nations Children's Fund (UNICEF), World Health Organisation (WHO) and the World Bank Group.",3.8
2019,0,M,"Figure is a modelled estimate. For primary sources, please refer to the metadata.",5.5,2.8,"Source: Joint Child Malnutrition Estimates (2021 Edition), United Nations Children's Fund (UNICEF), World Health Organisation (WHO) and the World Bank Group.",Proportion of children moderately or severely overweight [2.2.2],Percent,Units,Modeled,"The estimates for the year 2020 do not account for the full impact of COVID-19.  Household survey data on child height and age were not collected in 2020 due to physical distancing policies. One of the covariates used in the country model takes the impact of COVID-19 partially into account. , Figure is a modelled estimate. For primary sources, please refer to the metadata.",5.8,2.8,"Source: Joint Child Malnutrition Estimates (2021 Edition), United Nations Children's Fund (UNICEF), World Health Organisation (WHO) and the World Bank Group.",3.9
2020,0,M,"The estimates for the year 2020 do not account for the full impact of COVID-19.  Household survey data on child height and age were not collected in 2020 due to physical distancing policies. One of the covariates used in the country model takes the impact of COVID-19 partially into account. , Figure is a modelled estimate. For primary sources, please refer to the metadata.",5.8,2.8,"Source: Joint Child Malnutrition Estimates (2021 Edition), United Nations Children's Fund (UNICEF), World Health Organisation (WHO) and the World Bank Group.",Proportion of children moderately or severely overweight [2.2.2],Percent,Units,Modeled,"The estimates for the year 2020 do not account for the full impact of COVID-19.  Household survey data on child height and age were not collected in 2020 due to physical distancing policies. One of the covariates used in the country model takes the impact of COVID-19 partially into account. , Figure is a modelled estimate. For primary sources, please refer to the metadata.",5.8,2.8,"Source: Joint Child Malnutrition Estimates (2021 Edition), United Nations Children's Fund (UNICEF), World Health Organisation (WHO) and the World Bank Group.",4.0
2000,3,M,"Figure is a modelled estimate. For primary sources, please refer to the metadata.",318.6,195.9,"Source: Joint Child Malnutrition Estimates (2021 Edition), United Nations Children's Fund (UNICEF), World Health Organisation (WHO) and the World Bank Group.",Children moderately or severely overweight (number) [2.2.2],Number,Thousands,Modeled,"The estimates for the year 2020 do not account for the full impact of COVID-19.  Household survey data on child height and age were not collected in 2020 due to physical distancing policies. One of the covariates used in the country model takes the impact of COVID-19 partially into account. , Figure is a modelled estimate. For primary sources, please refer to the metadata.",450.4,217.3,"Source: Joint Child Malnutrition Estimates (2021 Edition), United Nations Children's Fund (UNICEF), World Health Organisation (WHO) and the World Bank Group.",250.3
2001,3,M,"Figure is a modelled estimate. For primary sources, please refer to the metadata.",338,210.4,"Source: Joint Child Malnutrition Estimates (2021 Edition), United Nations Children's Fund (UNICEF), World Health Organisation (WHO) and the World Bank Group.",Children moderately or severely overweight (number) [2.2.2],Number,Thousands,Modeled,"The estimates for the year 2020 do not account for the full impact of COVID-19.  Household survey data on child height and age were not collected in 2020 due to physical distancing policies. One of the covariates used in the country model takes the impact of COVID-19 partially into account. , Figure is a modelled estimate. For primary sources, please refer to the metadata.",450.4,217.3,"Source: Joint Child Malnutrition Estimates (2021 Edition), United Nations Children's Fund (UNICEF), World Health Organisation (WHO) and the World Bank Group.",267.1
2002,3,M,"Figure is a modelled estimate. For primary sources, please refer to the metadata.",353.5,222.8,"Source: Joint Child Malnutrition Estimates (2021 Edition), United Nations Children's Fund (UNICEF), World Health Organisation (WHO) and the World Bank Group.",Children moderately or severely overweight (number) [2.2.2],Number,Thousands,Modeled,"The estimates for the year 2020 do not account for the full impact of COVID-19.  Household survey data on child height and age were not collected in 2020 due to physical distancing policies. One of the covariates used in the country model takes the impact of COVID-19 partially into account. , Figure is a modelled estimate. For primary sources, please refer to the metadata.",450.4,217.3,"Source: Joint Child Malnutrition Estimates (2021 Edition), United Nations Children's Fund (UNICEF), World Health Organisation (WHO) and the World Bank Group.",281.1
2003,3,M,"Figure is a modelled estimate. For primary sources, please refer to the metadata.",364.1,232.1,"Source: Joint Child Malnutrition Estimates (2021 Edition), United Nations Children's Fund (UNICEF), World Health Organisation (WHO) and the World Bank Group.",Children moderately or severely overweight (number) [2.2.2],Number,Thousands,Modeled,"The estimates for the year 2020 do not account for the full impact of COVID-19.  Household survey data on child height and age were not collected in 2020 due to physical distancing policies. One of the covariates used in the country model takes the impact of COVID-19 partially into account. , Figure is a modelled estimate. For primary sources, please refer to the metadata.",450.4,217.3,"Source: Joint Child Malnutrition Estimates (2021 Edition), United Nations Children's Fund (UNICEF), World Health Organisation (WHO) and the World Bank Group.",291.2
2004,3,M,"Figure is a modelled estimate. For primary sources, please refer to the metadata.",368.2,237.5,"Source: Joint Child Malnutrition Estimates (2021 Edition), United Nations Children's Fund (UNICEF), World Health Organisation (WHO) and the World Bank Group.",Children moderately or severely overweight (number) [2.2.2],Number,Thousands,Modeled,"The estimates for the year 2020 do not account for the full impact of COVID-19.  Household survey data on child height and age were not collected in 2020 due to physical distancing policies. One of the covariates used in the country model takes the impact of COVID-19 partially into account. , Figure is a modelled estimate. For primary sources, please refer to the metadata.",450.4,217.3,"Source: Joint Child Malnutrition Estimates (2021 Edition), United Nations Children's Fund (UNICEF), World Health Organisation (WHO) and the World Bank Group.",296.1
2005,3,M,"Figure is a modelled estimate. For primary sources, please refer to the metadata.",364.8,238.9,"Source: Joint Child Malnutrition Estimates (2021 Edition), United Nations Children's Fund (UNICEF), World Health Organisation (WHO) and the World Bank Group.",Children moderately or severely overweight (number) [2.2.2],Number,Thousands,Modeled,"The estimates for the year 2020 do not account for the full impact of COVID-19.  Household survey data on child height and age were not collected in 2020 due to physical distancing policies. One of the covariates used in the country model takes the impact of COVID-19 partially into account. , Figure is a modelled estimate. For primary sources, please refer to the metadata.",450.4,217.3,"Source: Joint Child Malnutrition Estimates (2021 Edition), United Nations Children's Fund (UNICEF), World Health Organisation (WHO) and the World Bank Group.",295.6
2006,3,M,"Figure is a modelled estimate. For primary sources, please refer to the metadata.",356.8,237.3,"Source: Joint Child Malnutrition Estimates (2021 Edition), United Nations Children's Fund (UNICEF), World Health Organisation (WHO) and the World Bank Group.",Children moderately or severely overweight (number) [2.2.2],Number,Thousands,Modeled,"The estimates for the year 2020 do not account for the full impact of COVID-19.  Household survey data on child height and age were not collected in 2020 due to physical distancing policies. One of the covariates used in the country model takes the impact of COVID-19 partially into account. , Figure is a modelled estimate. For primary sources, please refer to the metadata.",450.4,217.3,"Source: Joint Child Malnutrition Estimates (2021 Edition), United Nations Children's Fund (UNICEF), World Health Organisation (WHO) and the World Bank Group.",291.3
2007,3,M,"Figure is a modelled estimate. For primary sources, please refer to the metadata.",345.8,232.8,"Source: Joint Child Malnutrition Estimates (2021 Edition), United Nations Children's Fund (UNICEF), World Health Organisation (WHO) and the World Bank Group.",Children moderately or severely overweight (number) [2.2.2],Number,Thousands,Modeled,"The estimates for the year 2020 do not account for the full impact of COVID-19.  Household survey data on child height and age were not collected in 2020 due to physical distancing policies. One of the covariates used in the country model takes the impact of COVID-19 partially into account. , Figure is a modelled estimate. For primary sources, please refer to the metadata.",450.4,217.3,"Source: Joint Child Malnutrition Estimates (2021 Edition), United Nations Children's Fund (UNICEF), World Health Organisation (WHO) and the World Bank Group.",284.0
2008,3,M,"Figure is a modelled estimate. For primary sources, please refer to the metadata.",334.2,227.4,"Source: Joint Child Malnutrition Estimates (2021 Edition), United Nations Children's Fund (UNICEF), World Health Organisation (WHO) and the World Bank Group.",Children moderately or severely overweight (number) [2.2.2],Number,Thousands,Modeled,"The estimates for the year 2020 do not account for the full impact of COVID-19.  Household survey data on child height and age were not collected in 2020 due to physical distancing policies. One of the covariates used in the country model takes the impact of COVID-19 partially into account. , Figure is a modelled estimate. For primary sources, please refer to the metadata.",450.4,217.3,"Source: Joint Child Malnutrition Estimates (2021 Edition), United Nations Children's Fund (UNICEF), World Health Organisation (WHO) and the World Bank Group.",275.9
2009,3,M,"Figure is a modelled estimate. For primary sources, please refer to the metadata.",323.9,222.8,"Source: Joint Child Malnutrition Estimates (2021 Edition), United Nations Children's Fund (UNICEF), World Health Organisation (WHO) and the World Bank Group.",Children moderately or severely overweight (number) [2.2.2],Number,Thousands,Modeled,"The estimates for the year 2020 do not account for the full impact of COVID-19.  Household survey data on child height and age were not collected in 2020 due to physical distancing policies. One of the covariates used in the country model takes the impact of COVID-19 partially into account. , Figure is a modelled estimate. For primary sources, please refer to the metadata.",450.4,217.3,"Source: Joint Child Malnutrition Estimates (2021 Edition), United Nations Children's Fund (UNICEF), World Health Organisation (WHO) and the World Bank Group.",268.9
2010,3,M,"Figure is a modelled estimate. For primary sources, please refer to the metadata.",316.6,219,"Source: Joint Child Malnutrition Estimates (2021 Edition), United Nations Children's Fund (UNICEF), World Health Organisation (WHO) and the World Bank Group.",Children moderately or severely overweight (number) [2.2.2],Number,Thousands,Modeled,"The estimates for the year 2020 do not account for the full impact of COVID-19.  Household survey data on child height and age were not collected in 2020 due to physical distancing policies. One of the covariates used in the country model takes the impact of COVID-19 partially into account. , Figure is a modelled estimate. For primary sources, please refer to the metadata.",450.4,217.3,"Source: Joint Child Malnutrition Estimates (2021 Edition), United Nations Children's Fund (UNICEF), World Health Organisation (WHO) and the World Bank Group.",263.5
2011,3,M,"Figure is a modelled estimate. For primary sources, please refer to the metadata.",312.7,215.7,"Source: Joint Child Malnutrition Estimates (2021 Edition), United Nations Children's Fund (UNICEF), World Health Organisation (WHO) and the World Bank Group.",Children moderately or severely overweight (number) [2.2.2],Number,Thousands,Modeled,"The estimates for the year 2020 do not account for the full impact of COVID-19.  Household survey data on child height and age were not collected in 2020 due to physical distancing policies. One of the covariates used in the country model takes the impact of COVID-19 partially into account. , Figure is a modelled estimate. For primary sources, please refer to the metadata.",450.4,217.3,"Source: Joint Child Malnutrition Estimates (2021 Edition), United Nations Children's Fund (UNICEF), World Health Organisation (WHO) and the World Bank Group.",259.9
2012,3,M,"Figure is a modelled estimate. For primary sources, please refer to the metadata.",311.6,212.6,"Source: Joint Child Malnutrition Estimates (2021 Edition), United Nations Children's Fund (UNICEF), World Health Organisation (WHO) and the World Bank Group.",Children moderately or severely overweight (number) [2.2.2],Number,Thousands,Modeled,"The estimates for the year 2020 do not account for the full impact of COVID-19.  Household survey data on child height and age were not collected in 2020 due to physical distancing policies. One of the covariates used in the country model takes the impact of COVID-19 partially into account. , Figure is a modelled estimate. For primary sources, please refer to the metadata.",450.4,217.3,"Source: Joint Child Malnutrition Estimates (2021 Edition), United Nations Children's Fund (UNICEF), World Health Organisation (WHO) and the World Bank Group.",257.6
2013,3,M,"Figure is a modelled estimate. For primary sources, please refer to the metadata.",313.7,210.4,"Source: Joint Child Malnutrition Estimates (2021 Edition), United Nations Children's Fund (UNICEF), World Health Organisation (WHO) and the World Bank Group.",Children moderately or severely overweight (number) [2.2.2],Number,Thousands,Modeled,"The estimates for the year 2020 do not account for the full impact of COVID-19.  Household survey data on child height and age were not collected in 2020 due to physical distancing policies. One of the covariates used in the country model takes the impact of COVID-19 partially into account. , Figure is a modelled estimate. For primary sources, please refer to the metadata.",450.4,217.3,"Source: Joint Child Malnutrition Estimates (2021 Edition), United Nations Children's Fund (UNICEF), World Health Organisation (WHO) and the World Bank Group.",257.1
2014,3,M,"Figure is a modelled estimate. For primary sources, please refer to the metadata.",320.2,209.2,"Source: Joint Child Malnutrition Estimates (2021 Edition), United Nations Children's Fund (UNICEF), World Health Organisation (WHO) and the World Bank Group.",Children moderately or severely overweight (number) [2.2.2],Number,Thousands,Modeled,"The estimates for the year 2020 do not account for the full impact of COVID-19.  Household survey data on child height and age were not collected in 2020 due to physical distancing policies. One of the covariates used in the country model takes the impact of COVID-19 partially into account. , Figure is a modelled estimate. For primary sources, please refer to the metadata.",450.4,217.3,"Source: Joint Child Malnutrition Estimates (2021 Edition), United Nations Children's Fund (UNICEF), World Health Organisation (WHO) and the World Bank Group.",259.1
2015,3,M,"Figure is a modelled estimate. For primary sources, please refer to the metadata.",331.9,209.3,"Source: Joint Child Malnutrition Estimates (2021 Edition), United Nations Children's Fund (UNICEF), World Health Organisation (WHO) and the World Bank Group.",Children moderately or severely overweight (number) [2.2.2],Number,Thousands,Modeled,"The estimates for the year 2020 do not account for the full impact of COVID-19.  Household survey data on child height and age were not collected in 2020 due to physical distancing policies. One of the covariates used in the country model takes the impact of COVID-19 partially into account. , Figure is a modelled estimate. For primary sources, please refer to the metadata.",450.4,217.3,"Source: Joint Child Malnutrition Estimates (2021 Edition), United Nations Children's Fund (UNICEF), World Health Organisation (WHO) and the World Bank Group.",263.8
2016,3,M,"Figure is a modelled estimate. For primary sources, please refer to the metadata.",347.8,209.9,"Source: Joint Child Malnutrition Estimates (2021 Edition), United Nations Children's Fund (UNICEF), World Health Organisation (WHO) and the World Bank Group.",Children moderately or severely overweight (number) [2.2.2],Number,Thousands,Modeled,"The estimates for the year 2020 do not account for the full impact of COVID-19.  Household survey data on child height and age were not collected in 2020 due to physical distancing policies. One of the covariates used in the country model takes the impact of COVID-19 partially into account. , Figure is a modelled estimate. For primary sources, please refer to the metadata.",450.4,217.3,"Source: Joint Child Malnutrition Estimates (2021 Edition), United Nations Children's Fund (UNICEF), World Health Organisation (WHO) and the World Bank Group.",270.5
2017,3,M,"Figure is a modelled estimate. For primary sources, please refer to the metadata.",367.1,211.3,"Source: Joint Child Malnutrition Estimates (2021 Edition), United Nations Children's Fund (UNICEF), World Health Organisation (WHO) and the World Bank Group.",Children moderately or severely overweight (number) [2.2.2],Number,Thousands,Modeled,"The estimates for the year 2020 do not account for the full impact of COVID-19.  Household survey data on child height and age were not collected in 2020 due to physical distancing policies. One of the covariates used in the country model takes the impact of COVID-19 partially into account. , Figure is a modelled estimate. For primary sources, please refer to the metadata.",450.4,217.3,"Source: Joint Child Malnutrition Estimates (2021 Edition), United Nations Children's Fund (UNICEF), World Health Organisation (WHO) and the World Bank Group.",279.0
2018,3,M,"Figure is a modelled estimate. For primary sources, please refer to the metadata.",391.5,213.9,"Source: Joint Child Malnutrition Estimates (2021 Edition), United Nations Children's Fund (UNICEF), World Health Organisation (WHO) and the World Bank Group.",Children moderately or severely overweight (number) [2.2.2],Number,Thousands,Modeled,"The estimates for the year 2020 do not account for the full impact of COVID-19.  Household survey data on child height and age were not collected in 2020 due to physical distancing policies. One of the covariates used in the country model takes the impact of COVID-19 partially into account. , Figure is a modelled estimate. For primary sources, please refer to the metadata.",450.4,217.3,"Source: Joint Child Malnutrition Estimates (2021 Edition), United Nations Children's Fund (UNICEF), World Health Organisation (WHO) and the World Bank Group.",289.9
2019,3,M,"Figure is a modelled estimate. For primary sources, please refer to the metadata.",419.5,216.1,"Source: Joint Child Malnutrition Estimates (2021 Edition), United Nations Children's Fund (UNICEF), World Health Organisation (WHO) and the World Bank Group.",Children moderately or severely overweight (number) [2.2.2],Number,Thousands,Modeled,"The estimates for the year 2020 do not account for the full impact of COVID-19.  Household survey data on child height and age were not collected in 2020 due to physical distancing policies. One of the covariates used in the country model takes the impact of COVID-19 partially into account. , Figure is a modelled estimate. For primary sources, please refer to the metadata.",450.4,217.3,"Source: Joint Child Malnutrition Estimates (2021 Edition), United Nations Children's Fund (UNICEF), World Health Organisation (WHO) and the World Bank Group.",301.8
2020,3,M,"The estimates for the year 2020 do not account for the full impact of COVID-19.  Household survey data on child height and age were not collected in 2020 due to physical distancing policies. One of the covariates used in the country model takes the impact of COVID-19 partially into account. , Figure is a modelled estimate. For primary sources, please refer to the metadata.",450.4,217.3,"Source: Joint Child Malnutrition Estimates (2021 Edition), United Nations Children's Fund (UNICEF), World Health Organisation (WHO) and the World Bank Group.",Children moderately or severely overweight (number) [2.2.2],Number,Thousands,Modeled,"The estimates for the year 2020 do not account for the full impact of COVID-19.  Household survey data on child height and age were not collected in 2020 due to physical distancing policies. One of the covariates used in the country model takes the impact of COVID-19 partially into account. , Figure is a modelled estimate. For primary sources, please refer to the metadata.",450.4,217.3,"Source: Joint Child Malnutrition Estimates (2021 Edition), United Nations Children's Fund (UNICEF), World Health Organisation (WHO) and the World Bank Group.",313.7
