Year,COMMENT_OBS,SOURCE_DETAIL,Value
2000,Unclear definition of the cadres included,Uganda National Household Survey (UNHS) 1999/2000 - Report on the Socio-Economic. Entebbe: Uganda Bureau of Statistics; 2001.,36.0
2001,Definition includes other cadres that is not in alignment with the standard definition,"Uganda Bureau of Statistics (UBOS), ORC Macro. Uganda Demographic and Health Survey 2000-2001. Calverton, Maryland, USA: UBOS, ORC Macro; 2001.",39.0
2006,"Cadres included align with the standard definition of: Doctor, nurse and/or midwife","Uganda Bureau of Statistics (UBOS), Macro International Inc. Uganda Demographic and Health Survey 2006. Calverton, Maryland, USA: UBOS, Macro International Inc.; 2007.",41.9
2011,"Cadres included align with the standard definition of: Doctor, nurse and/or midwife","Uganda Bureau of Statistics (UBOS), ICF International. Uganda Demographic and Health Survey 2011. Kampala, Uganda: UBOS, ICF International; 2012.",57.4
2016,"Cadres included align with the standard definition of: Doctor, nurse and/or midwife","Uganda Bureau of Statistics (UBOS), ICF. Uganda Demographic and Health Survey 2016. Kampala, Uganda and Rockville, Maryland, USA: UBOS, ICF; 2018.",74.2
