Year,COMMENT_OBS,SOURCE_DETAIL,SDG Series,Value
2002,Data reference period: September | Population coverage: Excluding armed forces and/or conscripts | Age coverage - minimum age: 10 years old,PC - Population Census,Proportion of women in managerial positions [5.5.2],27.64
2003,Age coverage - minimum age: 10 years old,LFS - National Labour Force Survey,Proportion of women in managerial positions [5.5.2],33.33
2009,"Population coverage: Excluding both institutional population and armed forces and/or conscripts | Age coverage - minimum age: 10 years old | Age coverage - maximum age: 76 years or older, but bounded",HIES - National Household Survey,Proportion of women in managerial positions [5.5.2],20.22
2012,Repository: ILO-STATISTICS - Micro data processing | Break in series: Methodology revised,LFS - National Labour Force Survey,Proportion of women in managerial positions [5.5.2],22.82
2013,Population coverage: Excluding both institutional population and armed forces and/or conscripts | Age coverage - maximum age: 64 years old,HIES - National Household Survey,Proportion of women in managerial positions [5.5.2],25.3
2017,Repository: ILO-STATISTICS - Micro data processing | Employment definition: Excluding own-use production workers | Break in series: Methodology revised,LFS - National Labour Force Survey,Proportion of women in managerial positions [5.5.2],32.53
2012,Repository: ILO-STATISTICS - Micro data processing | Break in series: Methodology revised,LFS - National Labour Force Survey,Proportion of women in senior and middle management positions [5.5.2],31.5
2017,Repository: ILO-STATISTICS - Micro data processing | Employment definition: Excluding own-use production workers | Break in series: Methodology revised,LFS - National Labour Force Survey,Proportion of women in senior and middle management positions [5.5.2],25.5
