Year,SDG Series,Sex,Value
2018,"Share of women among owners or rights-bearers of agricultural land, by type of tenure [5.a.1]",,40.8
2019,"Share of women among owners or rights-bearers of agricultural land, by type of tenure [5.a.1]",,38.7
2018,Proportion of total agricultural population with ownership or secure rights over agricultural land [5.a.1],,39.6
2019,Proportion of total agricultural population with ownership or secure rights over agricultural land [5.a.1],,40.8
2018,Proportion of total agricultural population with ownership or secure rights over agricultural land [5.a.1],Female,31.1
2019,Proportion of total agricultural population with ownership or secure rights over agricultural land [5.a.1],Female,30.4
2018,Proportion of total agricultural population with ownership or secure rights over agricultural land [5.a.1],Male,48.7
2019,Proportion of total agricultural population with ownership or secure rights over agricultural land [5.a.1],Male,52.0
