Year,NATURE,SOURCE_DETAIL,SDG Series,Composite breakdown,Unit of measure,Nature of data points,Source details,Value
2006,E,Global Surface Water Explorer extraction for UN Environment Programme,Lakes and rivers permanent water area change (%) [6.6.1],,Percent,Estimated,Global Surface Water Explorer extraction for UN Environment Programme,0.33704
2007,E,Global Surface Water Explorer extraction for UN Environment Programme,Lakes and rivers permanent water area change (%) [6.6.1],,Percent,Estimated,Global Surface Water Explorer extraction for UN Environment Programme,0.3868
2008,E,Global Surface Water Explorer extraction for UN Environment Programme,Lakes and rivers permanent water area change (%) [6.6.1],,Percent,Estimated,Global Surface Water Explorer extraction for UN Environment Programme,0.27639
2009,E,Global Surface Water Explorer extraction for UN Environment Programme,Lakes and rivers permanent water area change (%) [6.6.1],,Percent,Estimated,Global Surface Water Explorer extraction for UN Environment Programme,0.16161
2010,E,Global Surface Water Explorer extraction for UN Environment Programme,Lakes and rivers permanent water area change (%) [6.6.1],,Percent,Estimated,Global Surface Water Explorer extraction for UN Environment Programme,-0.2253
2011,E,Global Surface Water Explorer extraction for UN Environment Programme,Lakes and rivers permanent water area change (%) [6.6.1],,Percent,Estimated,Global Surface Water Explorer extraction for UN Environment Programme,-0.73499
2012,E,Global Surface Water Explorer extraction for UN Environment Programme,Lakes and rivers permanent water area change (%) [6.6.1],,Percent,Estimated,Global Surface Water Explorer extraction for UN Environment Programme,-1.11647
2013,E,Global Surface Water Explorer extraction for UN Environment Programme,Lakes and rivers permanent water area change (%) [6.6.1],,Percent,Estimated,Global Surface Water Explorer extraction for UN Environment Programme,-1.38271
2014,E,Global Surface Water Explorer extraction for UN Environment Programme,Lakes and rivers permanent water area change (%) [6.6.1],,Percent,Estimated,Global Surface Water Explorer extraction for UN Environment Programme,-1.74946
2015,E,Global Surface Water Explorer extraction for UN Environment Programme,Lakes and rivers permanent water area change (%) [6.6.1],,Percent,Estimated,Global Surface Water Explorer extraction for UN Environment Programme,-2.04737
2016,E,Global Surface Water Explorer extraction for UN Environment Programme,Lakes and rivers permanent water area change (%) [6.6.1],,Percent,Estimated,Global Surface Water Explorer extraction for UN Environment Programme,-2.41495
2017,E,Global Surface Water Explorer extraction for UN Environment Programme,Lakes and rivers permanent water area change (%) [6.6.1],,Percent,Estimated,Global Surface Water Explorer extraction for UN Environment Programme,-2.50802
2018,E,Global Surface Water Explorer extraction for UN Environment Programme,Lakes and rivers permanent water area change (%) [6.6.1],,Percent,Estimated,Global Surface Water Explorer extraction for UN Environment Programme,-2.61462
2019,E,Global Surface Water Explorer extraction for UN Environment Programme,Lakes and rivers permanent water area change (%) [6.6.1],,Percent,Estimated,Global Surface Water Explorer extraction for UN Environment Programme,-2.52118
2020,E,Global Surface Water Explorer extraction for UN Environment Programme,Lakes and rivers permanent water area change (%) [6.6.1],,Percent,Estimated,Global Surface Water Explorer extraction for UN Environment Programme,-2.35245
2021,E,Global Surface Water Explorer extraction for UN Environment Programme,Lakes and rivers permanent water area change (%) [6.6.1],,Percent,Estimated,Global Surface Water Explorer extraction for UN Environment Programme,-1.60045
2000,E,Global Surface Water Explorer extraction for UN Environment Programme,Lakes and rivers permanent water area (square kilometres) [6.6.1],,Square kilometers,Estimated,Global Surface Water Explorer extraction for UN Environment Programme,3335.19669
2001,E,Global Surface Water Explorer extraction for UN Environment Programme,Lakes and rivers permanent water area (square kilometres) [6.6.1],,Square kilometers,Estimated,Global Surface Water Explorer extraction for UN Environment Programme,3412.97264
2002,E,Global Surface Water Explorer extraction for UN Environment Programme,Lakes and rivers permanent water area (square kilometres) [6.6.1],,Square kilometers,Estimated,Global Surface Water Explorer extraction for UN Environment Programme,5007.71386
2003,E,Global Surface Water Explorer extraction for UN Environment Programme,Lakes and rivers permanent water area (square kilometres) [6.6.1],,Square kilometers,Estimated,Global Surface Water Explorer extraction for UN Environment Programme,6607.39546
2004,E,Global Surface Water Explorer extraction for UN Environment Programme,Lakes and rivers permanent water area (square kilometres) [6.6.1],,Square kilometers,Estimated,Global Surface Water Explorer extraction for UN Environment Programme,7954.35591
2005,E,Global Surface Water Explorer extraction for UN Environment Programme,Lakes and rivers permanent water area (square kilometres) [6.6.1],,Square kilometers,Estimated,Global Surface Water Explorer extraction for UN Environment Programme,8002.14239
2006,E,Global Surface Water Explorer extraction for UN Environment Programme,Lakes and rivers permanent water area (square kilometres) [6.6.1],,Square kilometers,Estimated,Global Surface Water Explorer extraction for UN Environment Programme,8029.11277
2007,E,Global Surface Water Explorer extraction for UN Environment Programme,Lakes and rivers permanent water area (square kilometres) [6.6.1],,Square kilometers,Estimated,Global Surface Water Explorer extraction for UN Environment Programme,8033.0949
2008,E,Global Surface Water Explorer extraction for UN Environment Programme,Lakes and rivers permanent water area (square kilometres) [6.6.1],,Square kilometers,Estimated,Global Surface Water Explorer extraction for UN Environment Programme,8024.25928
2009,E,Global Surface Water Explorer extraction for UN Environment Programme,Lakes and rivers permanent water area (square kilometres) [6.6.1],,Square kilometers,Estimated,Global Surface Water Explorer extraction for UN Environment Programme,8015.07427
2010,E,Global Surface Water Explorer extraction for UN Environment Programme,Lakes and rivers permanent water area (square kilometres) [6.6.1],,Square kilometers,Estimated,Global Surface Water Explorer extraction for UN Environment Programme,7984.11386
2011,E,Global Surface Water Explorer extraction for UN Environment Programme,Lakes and rivers permanent water area (square kilometres) [6.6.1],,Square kilometers,Estimated,Global Surface Water Explorer extraction for UN Environment Programme,7943.3274
2012,E,Global Surface Water Explorer extraction for UN Environment Programme,Lakes and rivers permanent water area (square kilometres) [6.6.1],,Square kilometers,Estimated,Global Surface Water Explorer extraction for UN Environment Programme,7912.80087
2013,E,Global Surface Water Explorer extraction for UN Environment Programme,Lakes and rivers permanent water area (square kilometres) [6.6.1],,Square kilometers,Estimated,Global Surface Water Explorer extraction for UN Environment Programme,7891.49632
2014,E,Global Surface Water Explorer extraction for UN Environment Programme,Lakes and rivers permanent water area (square kilometres) [6.6.1],,Square kilometers,Estimated,Global Surface Water Explorer extraction for UN Environment Programme,7862.14794
2015,E,Global Surface Water Explorer extraction for UN Environment Programme,Lakes and rivers permanent water area (square kilometres) [6.6.1],,Square kilometers,Estimated,Global Surface Water Explorer extraction for UN Environment Programme,7838.30903
2016,E,Global Surface Water Explorer extraction for UN Environment Programme,Lakes and rivers permanent water area (square kilometres) [6.6.1],,Square kilometers,Estimated,Global Surface Water Explorer extraction for UN Environment Programme,7808.89463
2017,E,Global Surface Water Explorer extraction for UN Environment Programme,Lakes and rivers permanent water area (square kilometres) [6.6.1],,Square kilometers,Estimated,Global Surface Water Explorer extraction for UN Environment Programme,7801.4468
2018,E,Global Surface Water Explorer extraction for UN Environment Programme,Lakes and rivers permanent water area (square kilometres) [6.6.1],,Square kilometers,Estimated,Global Surface Water Explorer extraction for UN Environment Programme,7792.91639
2019,E,Global Surface Water Explorer extraction for UN Environment Programme,Lakes and rivers permanent water area (square kilometres) [6.6.1],,Square kilometers,Estimated,Global Surface Water Explorer extraction for UN Environment Programme,7800.3941
2020,E,Global Surface Water Explorer extraction for UN Environment Programme,Lakes and rivers permanent water area (square kilometres) [6.6.1],,Square kilometers,Estimated,Global Surface Water Explorer extraction for UN Environment Programme,7813.89637
2021,E,Global Surface Water Explorer extraction for UN Environment Programme,Lakes and rivers permanent water area (square kilometres) [6.6.1],,Square kilometers,Estimated,Global Surface Water Explorer extraction for UN Environment Programme,7874.07199
2000,E,Global Surface Water Explorer extraction for UN Environment Programme,Lakes and rivers permanent water area (% of total land area) [6.6.1],,Percent,Estimated,Global Surface Water Explorer extraction for UN Environment Programme,0.01669
2001,E,Global Surface Water Explorer extraction for UN Environment Programme,Lakes and rivers permanent water area (% of total land area) [6.6.1],,Percent,Estimated,Global Surface Water Explorer extraction for UN Environment Programme,0.01708
2002,E,Global Surface Water Explorer extraction for UN Environment Programme,Lakes and rivers permanent water area (% of total land area) [6.6.1],,Percent,Estimated,Global Surface Water Explorer extraction for UN Environment Programme,0.02506
2003,E,Global Surface Water Explorer extraction for UN Environment Programme,Lakes and rivers permanent water area (% of total land area) [6.6.1],,Percent,Estimated,Global Surface Water Explorer extraction for UN Environment Programme,0.03307
2004,E,Global Surface Water Explorer extraction for UN Environment Programme,Lakes and rivers permanent water area (% of total land area) [6.6.1],,Percent,Estimated,Global Surface Water Explorer extraction for UN Environment Programme,0.03981
2005,E,Global Surface Water Explorer extraction for UN Environment Programme,Lakes and rivers permanent water area (% of total land area) [6.6.1],,Percent,Estimated,Global Surface Water Explorer extraction for UN Environment Programme,0.04005
2006,E,Global Surface Water Explorer extraction for UN Environment Programme,Lakes and rivers permanent water area (% of total land area) [6.6.1],,Percent,Estimated,Global Surface Water Explorer extraction for UN Environment Programme,0.04018
2007,E,Global Surface Water Explorer extraction for UN Environment Programme,Lakes and rivers permanent water area (% of total land area) [6.6.1],,Percent,Estimated,Global Surface Water Explorer extraction for UN Environment Programme,0.0402
2008,E,Global Surface Water Explorer extraction for UN Environment Programme,Lakes and rivers permanent water area (% of total land area) [6.6.1],,Percent,Estimated,Global Surface Water Explorer extraction for UN Environment Programme,0.04016
2009,E,Global Surface Water Explorer extraction for UN Environment Programme,Lakes and rivers permanent water area (% of total land area) [6.6.1],,Percent,Estimated,Global Surface Water Explorer extraction for UN Environment Programme,0.04011
2010,E,Global Surface Water Explorer extraction for UN Environment Programme,Lakes and rivers permanent water area (% of total land area) [6.6.1],,Percent,Estimated,Global Surface Water Explorer extraction for UN Environment Programme,0.03982
2011,E,Global Surface Water Explorer extraction for UN Environment Programme,Lakes and rivers permanent water area (% of total land area) [6.6.1],,Percent,Estimated,Global Surface Water Explorer extraction for UN Environment Programme,0.03961
2012,E,Global Surface Water Explorer extraction for UN Environment Programme,Lakes and rivers permanent water area (% of total land area) [6.6.1],,Percent,Estimated,Global Surface Water Explorer extraction for UN Environment Programme,0.03946
2013,E,Global Surface Water Explorer extraction for UN Environment Programme,Lakes and rivers permanent water area (% of total land area) [6.6.1],,Percent,Estimated,Global Surface Water Explorer extraction for UN Environment Programme,0.03936
2014,E,Global Surface Water Explorer extraction for UN Environment Programme,Lakes and rivers permanent water area (% of total land area) [6.6.1],,Percent,Estimated,Global Surface Water Explorer extraction for UN Environment Programme,0.03921
2015,E,Global Surface Water Explorer extraction for UN Environment Programme,Lakes and rivers permanent water area (% of total land area) [6.6.1],,Percent,Estimated,Global Surface Water Explorer extraction for UN Environment Programme,0.03909
2016,E,Global Surface Water Explorer extraction for UN Environment Programme,Lakes and rivers permanent water area (% of total land area) [6.6.1],,Percent,Estimated,Global Surface Water Explorer extraction for UN Environment Programme,0.03894
2017,E,Global Surface Water Explorer extraction for UN Environment Programme,Lakes and rivers permanent water area (% of total land area) [6.6.1],,Percent,Estimated,Global Surface Water Explorer extraction for UN Environment Programme,0.03891
2018,E,Global Surface Water Explorer extraction for UN Environment Programme,Lakes and rivers permanent water area (% of total land area) [6.6.1],,Percent,Estimated,Global Surface Water Explorer extraction for UN Environment Programme,0.03886
2019,E,Global Surface Water Explorer extraction for UN Environment Programme,Lakes and rivers permanent water area (% of total land area) [6.6.1],,Percent,Estimated,Global Surface Water Explorer extraction for UN Environment Programme,0.0389
2020,E,Global Surface Water Explorer extraction for UN Environment Programme,Lakes and rivers permanent water area (% of total land area) [6.6.1],,Percent,Estimated,Global Surface Water Explorer extraction for UN Environment Programme,0.03897
2021,E,Global Surface Water Explorer extraction for UN Environment Programme,Lakes and rivers permanent water area (% of total land area) [6.6.1],,Percent,Estimated,Global Surface Water Explorer extraction for UN Environment Programme,0.03927
2006,E,Global Surface Water Explorer extraction for UN Environment Programme,Lakes and rivers seasonal water area change (%) [6.6.1],,Percent,Estimated,Global Surface Water Explorer extraction for UN Environment Programme,6.60808
2007,E,Global Surface Water Explorer extraction for UN Environment Programme,Lakes and rivers seasonal water area change (%) [6.6.1],,Percent,Estimated,Global Surface Water Explorer extraction for UN Environment Programme,9.85561
2008,E,Global Surface Water Explorer extraction for UN Environment Programme,Lakes and rivers seasonal water area change (%) [6.6.1],,Percent,Estimated,Global Surface Water Explorer extraction for UN Environment Programme,8.14115
2009,E,Global Surface Water Explorer extraction for UN Environment Programme,Lakes and rivers seasonal water area change (%) [6.6.1],,Percent,Estimated,Global Surface Water Explorer extraction for UN Environment Programme,6.63586
2010,E,Global Surface Water Explorer extraction for UN Environment Programme,Lakes and rivers seasonal water area change (%) [6.6.1],,Percent,Estimated,Global Surface Water Explorer extraction for UN Environment Programme,5.59927
2011,E,Global Surface Water Explorer extraction for UN Environment Programme,Lakes and rivers seasonal water area change (%) [6.6.1],,Percent,Estimated,Global Surface Water Explorer extraction for UN Environment Programme,2.96476
2012,E,Global Surface Water Explorer extraction for UN Environment Programme,Lakes and rivers seasonal water area change (%) [6.6.1],,Percent,Estimated,Global Surface Water Explorer extraction for UN Environment Programme,3.76621
2013,E,Global Surface Water Explorer extraction for UN Environment Programme,Lakes and rivers seasonal water area change (%) [6.6.1],,Percent,Estimated,Global Surface Water Explorer extraction for UN Environment Programme,7.99714
2014,E,Global Surface Water Explorer extraction for UN Environment Programme,Lakes and rivers seasonal water area change (%) [6.6.1],,Percent,Estimated,Global Surface Water Explorer extraction for UN Environment Programme,17.76393
2015,E,Global Surface Water Explorer extraction for UN Environment Programme,Lakes and rivers seasonal water area change (%) [6.6.1],,Percent,Estimated,Global Surface Water Explorer extraction for UN Environment Programme,29.19389
2016,E,Global Surface Water Explorer extraction for UN Environment Programme,Lakes and rivers seasonal water area change (%) [6.6.1],,Percent,Estimated,Global Surface Water Explorer extraction for UN Environment Programme,50.43513
2017,E,Global Surface Water Explorer extraction for UN Environment Programme,Lakes and rivers seasonal water area change (%) [6.6.1],,Percent,Estimated,Global Surface Water Explorer extraction for UN Environment Programme,67.99991
2018,E,Global Surface Water Explorer extraction for UN Environment Programme,Lakes and rivers seasonal water area change (%) [6.6.1],,Percent,Estimated,Global Surface Water Explorer extraction for UN Environment Programme,83.96075
2019,E,Global Surface Water Explorer extraction for UN Environment Programme,Lakes and rivers seasonal water area change (%) [6.6.1],,Percent,Estimated,Global Surface Water Explorer extraction for UN Environment Programme,89.59145
2020,E,Global Surface Water Explorer extraction for UN Environment Programme,Lakes and rivers seasonal water area change (%) [6.6.1],,Percent,Estimated,Global Surface Water Explorer extraction for UN Environment Programme,93.30704
2021,E,Global Surface Water Explorer extraction for UN Environment Programme,Lakes and rivers seasonal water area change (%) [6.6.1],,Percent,Estimated,Global Surface Water Explorer extraction for UN Environment Programme,103.54089
2000,E,Global Surface Water Explorer extraction for UN Environment Programme,Lakes and rivers seasonal water area (square kilometres) [6.6.1],,Square kilometers,Estimated,Global Surface Water Explorer extraction for UN Environment Programme,70.98809
2001,E,Global Surface Water Explorer extraction for UN Environment Programme,Lakes and rivers seasonal water area (square kilometres) [6.6.1],,Square kilometers,Estimated,Global Surface Water Explorer extraction for UN Environment Programme,68.59453
2002,E,Global Surface Water Explorer extraction for UN Environment Programme,Lakes and rivers seasonal water area (square kilometres) [6.6.1],,Square kilometers,Estimated,Global Surface Water Explorer extraction for UN Environment Programme,124.08404
2003,E,Global Surface Water Explorer extraction for UN Environment Programme,Lakes and rivers seasonal water area (square kilometres) [6.6.1],,Square kilometers,Estimated,Global Surface Water Explorer extraction for UN Environment Programme,187.62274
2004,E,Global Surface Water Explorer extraction for UN Environment Programme,Lakes and rivers seasonal water area (square kilometres) [6.6.1],,Square kilometers,Estimated,Global Surface Water Explorer extraction for UN Environment Programme,252.86424
2005,E,Global Surface Water Explorer extraction for UN Environment Programme,Lakes and rivers seasonal water area (square kilometres) [6.6.1],,Square kilometers,Estimated,Global Surface Water Explorer extraction for UN Environment Programme,297.39361
2006,E,Global Surface Water Explorer extraction for UN Environment Programme,Lakes and rivers seasonal water area (square kilometres) [6.6.1],,Square kilometers,Estimated,Global Surface Water Explorer extraction for UN Environment Programme,317.04562
2007,E,Global Surface Water Explorer extraction for UN Environment Programme,Lakes and rivers seasonal water area (square kilometres) [6.6.1],,Square kilometers,Estimated,Global Surface Water Explorer extraction for UN Environment Programme,326.70355
2008,E,Global Surface Water Explorer extraction for UN Environment Programme,Lakes and rivers seasonal water area (square kilometres) [6.6.1],,Square kilometers,Estimated,Global Surface Water Explorer extraction for UN Environment Programme,321.60488
2009,E,Global Surface Water Explorer extraction for UN Environment Programme,Lakes and rivers seasonal water area (square kilometres) [6.6.1],,Square kilometers,Estimated,Global Surface Water Explorer extraction for UN Environment Programme,317.12822
2010,E,Global Surface Water Explorer extraction for UN Environment Programme,Lakes and rivers seasonal water area (square kilometres) [6.6.1],,Square kilometers,Estimated,Global Surface Water Explorer extraction for UN Environment Programme,314.04547
2011,E,Global Surface Water Explorer extraction for UN Environment Programme,Lakes and rivers seasonal water area (square kilometres) [6.6.1],,Square kilometers,Estimated,Global Surface Water Explorer extraction for UN Environment Programme,306.21062
2012,E,Global Surface Water Explorer extraction for UN Environment Programme,Lakes and rivers seasonal water area (square kilometres) [6.6.1],,Square kilometers,Estimated,Global Surface Water Explorer extraction for UN Environment Programme,308.59409
2013,E,Global Surface Water Explorer extraction for UN Environment Programme,Lakes and rivers seasonal water area (square kilometres) [6.6.1],,Square kilometers,Estimated,Global Surface Water Explorer extraction for UN Environment Programme,321.1766
2014,E,Global Surface Water Explorer extraction for UN Environment Programme,Lakes and rivers seasonal water area (square kilometres) [6.6.1],,Square kilometers,Estimated,Global Surface Water Explorer extraction for UN Environment Programme,350.2224
2015,E,Global Surface Water Explorer extraction for UN Environment Programme,Lakes and rivers seasonal water area (square kilometres) [6.6.1],,Square kilometers,Estimated,Global Surface Water Explorer extraction for UN Environment Programme,384.21437
2016,E,Global Surface Water Explorer extraction for UN Environment Programme,Lakes and rivers seasonal water area (square kilometres) [6.6.1],,Square kilometers,Estimated,Global Surface Water Explorer extraction for UN Environment Programme,447.38446
2017,E,Global Surface Water Explorer extraction for UN Environment Programme,Lakes and rivers seasonal water area (square kilometres) [6.6.1],,Square kilometers,Estimated,Global Surface Water Explorer extraction for UN Environment Programme,499.62099
2018,E,Global Surface Water Explorer extraction for UN Environment Programme,Lakes and rivers seasonal water area (square kilometres) [6.6.1],,Square kilometers,Estimated,Global Surface Water Explorer extraction for UN Environment Programme,547.0875
2019,E,Global Surface Water Explorer extraction for UN Environment Programme,Lakes and rivers seasonal water area (square kilometres) [6.6.1],,Square kilometers,Estimated,Global Surface Water Explorer extraction for UN Environment Programme,563.83286
2020,E,Global Surface Water Explorer extraction for UN Environment Programme,Lakes and rivers seasonal water area (square kilometres) [6.6.1],,Square kilometers,Estimated,Global Surface Water Explorer extraction for UN Environment Programme,574.88278
2021,E,Global Surface Water Explorer extraction for UN Environment Programme,Lakes and rivers seasonal water area (square kilometres) [6.6.1],,Square kilometers,Estimated,Global Surface Water Explorer extraction for UN Environment Programme,605.31761
2000,E,Global Surface Water Explorer extraction for UN Environment Programme,Lakes and rivers seasonal water area (% of total land area) [6.6.1],,Percent,Estimated,Global Surface Water Explorer extraction for UN Environment Programme,0.00036
2001,E,Global Surface Water Explorer extraction for UN Environment Programme,Lakes and rivers seasonal water area (% of total land area) [6.6.1],,Percent,Estimated,Global Surface Water Explorer extraction for UN Environment Programme,0.00034
2002,E,Global Surface Water Explorer extraction for UN Environment Programme,Lakes and rivers seasonal water area (% of total land area) [6.6.1],,Percent,Estimated,Global Surface Water Explorer extraction for UN Environment Programme,0.00062
2003,E,Global Surface Water Explorer extraction for UN Environment Programme,Lakes and rivers seasonal water area (% of total land area) [6.6.1],,Percent,Estimated,Global Surface Water Explorer extraction for UN Environment Programme,0.00094
2004,E,Global Surface Water Explorer extraction for UN Environment Programme,Lakes and rivers seasonal water area (% of total land area) [6.6.1],,Percent,Estimated,Global Surface Water Explorer extraction for UN Environment Programme,0.00127
2005,E,Global Surface Water Explorer extraction for UN Environment Programme,Lakes and rivers seasonal water area (% of total land area) [6.6.1],,Percent,Estimated,Global Surface Water Explorer extraction for UN Environment Programme,0.00149
2006,E,Global Surface Water Explorer extraction for UN Environment Programme,Lakes and rivers seasonal water area (% of total land area) [6.6.1],,Percent,Estimated,Global Surface Water Explorer extraction for UN Environment Programme,0.00159
2007,E,Global Surface Water Explorer extraction for UN Environment Programme,Lakes and rivers seasonal water area (% of total land area) [6.6.1],,Percent,Estimated,Global Surface Water Explorer extraction for UN Environment Programme,0.00164
2008,E,Global Surface Water Explorer extraction for UN Environment Programme,Lakes and rivers seasonal water area (% of total land area) [6.6.1],,Percent,Estimated,Global Surface Water Explorer extraction for UN Environment Programme,0.00161
2009,E,Global Surface Water Explorer extraction for UN Environment Programme,Lakes and rivers seasonal water area (% of total land area) [6.6.1],,Percent,Estimated,Global Surface Water Explorer extraction for UN Environment Programme,0.00159
2010,E,Global Surface Water Explorer extraction for UN Environment Programme,Lakes and rivers seasonal water area (% of total land area) [6.6.1],,Percent,Estimated,Global Surface Water Explorer extraction for UN Environment Programme,0.00157
2011,E,Global Surface Water Explorer extraction for UN Environment Programme,Lakes and rivers seasonal water area (% of total land area) [6.6.1],,Percent,Estimated,Global Surface Water Explorer extraction for UN Environment Programme,0.00153
2012,E,Global Surface Water Explorer extraction for UN Environment Programme,Lakes and rivers seasonal water area (% of total land area) [6.6.1],,Percent,Estimated,Global Surface Water Explorer extraction for UN Environment Programme,0.00154
2013,E,Global Surface Water Explorer extraction for UN Environment Programme,Lakes and rivers seasonal water area (% of total land area) [6.6.1],,Percent,Estimated,Global Surface Water Explorer extraction for UN Environment Programme,0.0016
2014,E,Global Surface Water Explorer extraction for UN Environment Programme,Lakes and rivers seasonal water area (% of total land area) [6.6.1],,Percent,Estimated,Global Surface Water Explorer extraction for UN Environment Programme,0.00175
2015,E,Global Surface Water Explorer extraction for UN Environment Programme,Lakes and rivers seasonal water area (% of total land area) [6.6.1],,Percent,Estimated,Global Surface Water Explorer extraction for UN Environment Programme,0.00192
2016,E,Global Surface Water Explorer extraction for UN Environment Programme,Lakes and rivers seasonal water area (% of total land area) [6.6.1],,Percent,Estimated,Global Surface Water Explorer extraction for UN Environment Programme,0.00223
2017,E,Global Surface Water Explorer extraction for UN Environment Programme,Lakes and rivers seasonal water area (% of total land area) [6.6.1],,Percent,Estimated,Global Surface Water Explorer extraction for UN Environment Programme,0.00249
2018,E,Global Surface Water Explorer extraction for UN Environment Programme,Lakes and rivers seasonal water area (% of total land area) [6.6.1],,Percent,Estimated,Global Surface Water Explorer extraction for UN Environment Programme,0.00273
2019,E,Global Surface Water Explorer extraction for UN Environment Programme,Lakes and rivers seasonal water area (% of total land area) [6.6.1],,Percent,Estimated,Global Surface Water Explorer extraction for UN Environment Programme,0.00281
2020,E,Global Surface Water Explorer extraction for UN Environment Programme,Lakes and rivers seasonal water area (% of total land area) [6.6.1],,Percent,Estimated,Global Surface Water Explorer extraction for UN Environment Programme,0.00287
2021,E,Global Surface Water Explorer extraction for UN Environment Programme,Lakes and rivers seasonal water area (% of total land area) [6.6.1],,Percent,Estimated,Global Surface Water Explorer extraction for UN Environment Programme,0.00302
2017,E,Global Surface Water Explorer extraction for UN Environment Programme,Lake water quality turbidity (%) [6.6.1],Deviation Level: Extreme (75-100%),Percent,Estimated,Global Surface Water Explorer extraction for UN Environment Programme,8.37223
2018,E,Global Surface Water Explorer extraction for UN Environment Programme,Lake water quality turbidity (%) [6.6.1],Deviation Level: Extreme (75-100%),Percent,Estimated,Global Surface Water Explorer extraction for UN Environment Programme,7.83536
2019,E,Global Surface Water Explorer extraction for UN Environment Programme,Lake water quality turbidity (%) [6.6.1],Deviation Level: Extreme (75-100%),Percent,Estimated,Global Surface Water Explorer extraction for UN Environment Programme,5.74544
2020,E,Global Surface Water Explorer extraction for UN Environment Programme,Lake water quality turbidity (%) [6.6.1],Deviation Level: Extreme (75-100%),Percent,Estimated,Global Surface Water Explorer extraction for UN Environment Programme,4.88419
2017,E,Global Surface Water Explorer extraction for UN Environment Programme,Lake water quality turbidity (%) [6.6.1],Deviation Level: High (50-75%),Percent,Estimated,Global Surface Water Explorer extraction for UN Environment Programme,12.98509
2018,E,Global Surface Water Explorer extraction for UN Environment Programme,Lake water quality turbidity (%) [6.6.1],Deviation Level: High (50-75%),Percent,Estimated,Global Surface Water Explorer extraction for UN Environment Programme,11.84625
2019,E,Global Surface Water Explorer extraction for UN Environment Programme,Lake water quality turbidity (%) [6.6.1],Deviation Level: High (50-75%),Percent,Estimated,Global Surface Water Explorer extraction for UN Environment Programme,7.22238
2020,E,Global Surface Water Explorer extraction for UN Environment Programme,Lake water quality turbidity (%) [6.6.1],Deviation Level: High (50-75%),Percent,Estimated,Global Surface Water Explorer extraction for UN Environment Programme,9.9619
2017,E,Global Surface Water Explorer extraction for UN Environment Programme,Lake water quality turbidity (%) [6.6.1],Deviation Level: Low (0-25%),Percent,Estimated,Global Surface Water Explorer extraction for UN Environment Programme,65.75867
2018,E,Global Surface Water Explorer extraction for UN Environment Programme,Lake water quality turbidity (%) [6.6.1],Deviation Level: Low (0-25%),Percent,Estimated,Global Surface Water Explorer extraction for UN Environment Programme,67.61871
2019,E,Global Surface Water Explorer extraction for UN Environment Programme,Lake water quality turbidity (%) [6.6.1],Deviation Level: Low (0-25%),Percent,Estimated,Global Surface Water Explorer extraction for UN Environment Programme,70.3403
2020,E,Global Surface Water Explorer extraction for UN Environment Programme,Lake water quality turbidity (%) [6.6.1],Deviation Level: Low (0-25%),Percent,Estimated,Global Surface Water Explorer extraction for UN Environment Programme,74.03958
2017,E,Global Surface Water Explorer extraction for UN Environment Programme,Lake water quality turbidity (%) [6.6.1],Deviation Level: Medium (25-50%),Percent,Estimated,Global Surface Water Explorer extraction for UN Environment Programme,12.88401
2018,E,Global Surface Water Explorer extraction for UN Environment Programme,Lake water quality turbidity (%) [6.6.1],Deviation Level: Medium (25-50%),Percent,Estimated,Global Surface Water Explorer extraction for UN Environment Programme,12.69968
2019,E,Global Surface Water Explorer extraction for UN Environment Programme,Lake water quality turbidity (%) [6.6.1],Deviation Level: Medium (25-50%),Percent,Estimated,Global Surface Water Explorer extraction for UN Environment Programme,8.35854
2020,E,Global Surface Water Explorer extraction for UN Environment Programme,Lake water quality turbidity (%) [6.6.1],Deviation Level: Medium (25-50%),Percent,Estimated,Global Surface Water Explorer extraction for UN Environment Programme,11.11434
2017,E,Global Surface Water Explorer extraction for UN Environment Programme,Lake water quality trophic state (%) [6.6.1],Deviation Level: Extreme (75-100%),Percent,Estimated,Global Surface Water Explorer extraction for UN Environment Programme,0.04309
2018,E,Global Surface Water Explorer extraction for UN Environment Programme,Lake water quality trophic state (%) [6.6.1],Deviation Level: Extreme (75-100%),Percent,Estimated,Global Surface Water Explorer extraction for UN Environment Programme,0.04355
2019,E,Global Surface Water Explorer extraction for UN Environment Programme,Lake water quality trophic state (%) [6.6.1],Deviation Level: Extreme (75-100%),Percent,Estimated,Global Surface Water Explorer extraction for UN Environment Programme,0.03773
2020,E,Global Surface Water Explorer extraction for UN Environment Programme,Lake water quality trophic state (%) [6.6.1],Deviation Level: Extreme (75-100%),Percent,Estimated,Global Surface Water Explorer extraction for UN Environment Programme,0.04638
2017,E,Global Surface Water Explorer extraction for UN Environment Programme,Lake water quality trophic state (%) [6.6.1],Deviation Level: High (50-75%),Percent,Estimated,Global Surface Water Explorer extraction for UN Environment Programme,0.2682
2018,E,Global Surface Water Explorer extraction for UN Environment Programme,Lake water quality trophic state (%) [6.6.1],Deviation Level: High (50-75%),Percent,Estimated,Global Surface Water Explorer extraction for UN Environment Programme,0.3102
2019,E,Global Surface Water Explorer extraction for UN Environment Programme,Lake water quality trophic state (%) [6.6.1],Deviation Level: High (50-75%),Percent,Estimated,Global Surface Water Explorer extraction for UN Environment Programme,0.2202
2020,E,Global Surface Water Explorer extraction for UN Environment Programme,Lake water quality trophic state (%) [6.6.1],Deviation Level: High (50-75%),Percent,Estimated,Global Surface Water Explorer extraction for UN Environment Programme,0.23117
2017,E,Global Surface Water Explorer extraction for UN Environment Programme,Lake water quality trophic state (%) [6.6.1],Deviation Level: Low (0-25%),Percent,Estimated,Global Surface Water Explorer extraction for UN Environment Programme,95.98245
2018,E,Global Surface Water Explorer extraction for UN Environment Programme,Lake water quality trophic state (%) [6.6.1],Deviation Level: Low (0-25%),Percent,Estimated,Global Surface Water Explorer extraction for UN Environment Programme,94.90314
2019,E,Global Surface Water Explorer extraction for UN Environment Programme,Lake water quality trophic state (%) [6.6.1],Deviation Level: Low (0-25%),Percent,Estimated,Global Surface Water Explorer extraction for UN Environment Programme,89.85611
2020,E,Global Surface Water Explorer extraction for UN Environment Programme,Lake water quality trophic state (%) [6.6.1],Deviation Level: Low (0-25%),Percent,Estimated,Global Surface Water Explorer extraction for UN Environment Programme,98.06385
2017,E,Global Surface Water Explorer extraction for UN Environment Programme,Lake water quality trophic state (%) [6.6.1],Deviation Level: Medium (25-50%),Percent,Estimated,Global Surface Water Explorer extraction for UN Environment Programme,3.70626
2018,E,Global Surface Water Explorer extraction for UN Environment Programme,Lake water quality trophic state (%) [6.6.1],Deviation Level: Medium (25-50%),Percent,Estimated,Global Surface Water Explorer extraction for UN Environment Programme,4.74311
2019,E,Global Surface Water Explorer extraction for UN Environment Programme,Lake water quality trophic state (%) [6.6.1],Deviation Level: Medium (25-50%),Percent,Estimated,Global Surface Water Explorer extraction for UN Environment Programme,1.55263
2020,E,Global Surface Water Explorer extraction for UN Environment Programme,Lake water quality trophic state (%) [6.6.1],Deviation Level: Medium (25-50%),Percent,Estimated,Global Surface Water Explorer extraction for UN Environment Programme,1.6586
2000,E,Global Surface Water Explorer extraction for UN Environment Programme,Reservoir minimum water area (square kilometres) [6.6.1],,Square kilometers,Estimated,Global Surface Water Explorer extraction for UN Environment Programme,10484.5148
2001,E,Global Surface Water Explorer extraction for UN Environment Programme,Reservoir minimum water area (square kilometres) [6.6.1],,Square kilometers,Estimated,Global Surface Water Explorer extraction for UN Environment Programme,10496.03863
2002,E,Global Surface Water Explorer extraction for UN Environment Programme,Reservoir minimum water area (square kilometres) [6.6.1],,Square kilometers,Estimated,Global Surface Water Explorer extraction for UN Environment Programme,16187.80627
2003,E,Global Surface Water Explorer extraction for UN Environment Programme,Reservoir minimum water area (square kilometres) [6.6.1],,Square kilometers,Estimated,Global Surface Water Explorer extraction for UN Environment Programme,21877.09072
2004,E,Global Surface Water Explorer extraction for UN Environment Programme,Reservoir minimum water area (square kilometres) [6.6.1],,Square kilometers,Estimated,Global Surface Water Explorer extraction for UN Environment Programme,27568.62604
2005,E,Global Surface Water Explorer extraction for UN Environment Programme,Reservoir minimum water area (square kilometres) [6.6.1],,Square kilometers,Estimated,Global Surface Water Explorer extraction for UN Environment Programme,28451.76237
2006,E,Global Surface Water Explorer extraction for UN Environment Programme,Reservoir minimum water area (square kilometres) [6.6.1],,Square kilometers,Estimated,Global Surface Water Explorer extraction for UN Environment Programme,28447.41402
2007,E,Global Surface Water Explorer extraction for UN Environment Programme,Reservoir minimum water area (square kilometres) [6.6.1],,Square kilometers,Estimated,Global Surface Water Explorer extraction for UN Environment Programme,28432.26867
2008,E,Global Surface Water Explorer extraction for UN Environment Programme,Reservoir minimum water area (square kilometres) [6.6.1],,Square kilometers,Estimated,Global Surface Water Explorer extraction for UN Environment Programme,28423.08723
2009,E,Global Surface Water Explorer extraction for UN Environment Programme,Reservoir minimum water area (square kilometres) [6.6.1],,Square kilometers,Estimated,Global Surface Water Explorer extraction for UN Environment Programme,28406.3304
2010,E,Global Surface Water Explorer extraction for UN Environment Programme,Reservoir minimum water area (square kilometres) [6.6.1],,Square kilometers,Estimated,Global Surface Water Explorer extraction for UN Environment Programme,28396.51026
2011,E,Global Surface Water Explorer extraction for UN Environment Programme,Reservoir minimum water area (square kilometres) [6.6.1],,Square kilometers,Estimated,Global Surface Water Explorer extraction for UN Environment Programme,28388.69018
2012,E,Global Surface Water Explorer extraction for UN Environment Programme,Reservoir minimum water area (square kilometres) [6.6.1],,Square kilometers,Estimated,Global Surface Water Explorer extraction for UN Environment Programme,28389.95681
2013,E,Global Surface Water Explorer extraction for UN Environment Programme,Reservoir minimum water area (square kilometres) [6.6.1],,Square kilometers,Estimated,Global Surface Water Explorer extraction for UN Environment Programme,28388.18565
2014,E,Global Surface Water Explorer extraction for UN Environment Programme,Reservoir minimum water area (square kilometres) [6.6.1],,Square kilometers,Estimated,Global Surface Water Explorer extraction for UN Environment Programme,28392.84738
2015,E,Global Surface Water Explorer extraction for UN Environment Programme,Reservoir minimum water area (square kilometres) [6.6.1],,Square kilometers,Estimated,Global Surface Water Explorer extraction for UN Environment Programme,28393.20938
2016,E,Global Surface Water Explorer extraction for UN Environment Programme,Reservoir minimum water area (square kilometres) [6.6.1],,Square kilometers,Estimated,Global Surface Water Explorer extraction for UN Environment Programme,28398.60548
2017,E,Global Surface Water Explorer extraction for UN Environment Programme,Reservoir minimum water area (square kilometres) [6.6.1],,Square kilometers,Estimated,Global Surface Water Explorer extraction for UN Environment Programme,28405.85117
2018,E,Global Surface Water Explorer extraction for UN Environment Programme,Reservoir minimum water area (square kilometres) [6.6.1],,Square kilometers,Estimated,Global Surface Water Explorer extraction for UN Environment Programme,28412.40723
2019,E,Global Surface Water Explorer extraction for UN Environment Programme,Reservoir minimum water area (square kilometres) [6.6.1],,Square kilometers,Estimated,Global Surface Water Explorer extraction for UN Environment Programme,28416.87226
2020,E,Global Surface Water Explorer extraction for UN Environment Programme,Reservoir minimum water area (square kilometres) [6.6.1],,Square kilometers,Estimated,Global Surface Water Explorer extraction for UN Environment Programme,28422.08822
2021,E,Global Surface Water Explorer extraction for UN Environment Programme,Reservoir minimum water area (square kilometres) [6.6.1],,Square kilometers,Estimated,Global Surface Water Explorer extraction for UN Environment Programme,28428.35011
2000,E,Global Surface Water Explorer extraction for UN Environment Programme,Reservoir minimum water area (% of total land area) [6.6.1],,Percent,Estimated,Global Surface Water Explorer extraction for UN Environment Programme,0.05247
2001,E,Global Surface Water Explorer extraction for UN Environment Programme,Reservoir minimum water area (% of total land area) [6.6.1],,Percent,Estimated,Global Surface Water Explorer extraction for UN Environment Programme,0.05253
2002,E,Global Surface Water Explorer extraction for UN Environment Programme,Reservoir minimum water area (% of total land area) [6.6.1],,Percent,Estimated,Global Surface Water Explorer extraction for UN Environment Programme,0.08102
2003,E,Global Surface Water Explorer extraction for UN Environment Programme,Reservoir minimum water area (% of total land area) [6.6.1],,Percent,Estimated,Global Surface Water Explorer extraction for UN Environment Programme,0.10949
2004,E,Global Surface Water Explorer extraction for UN Environment Programme,Reservoir minimum water area (% of total land area) [6.6.1],,Percent,Estimated,Global Surface Water Explorer extraction for UN Environment Programme,0.13797
2005,E,Global Surface Water Explorer extraction for UN Environment Programme,Reservoir minimum water area (% of total land area) [6.6.1],,Percent,Estimated,Global Surface Water Explorer extraction for UN Environment Programme,0.14239
2006,E,Global Surface Water Explorer extraction for UN Environment Programme,Reservoir minimum water area (% of total land area) [6.6.1],,Percent,Estimated,Global Surface Water Explorer extraction for UN Environment Programme,0.14237
2007,E,Global Surface Water Explorer extraction for UN Environment Programme,Reservoir minimum water area (% of total land area) [6.6.1],,Percent,Estimated,Global Surface Water Explorer extraction for UN Environment Programme,0.1423
2008,E,Global Surface Water Explorer extraction for UN Environment Programme,Reservoir minimum water area (% of total land area) [6.6.1],,Percent,Estimated,Global Surface Water Explorer extraction for UN Environment Programme,0.14225
2009,E,Global Surface Water Explorer extraction for UN Environment Programme,Reservoir minimum water area (% of total land area) [6.6.1],,Percent,Estimated,Global Surface Water Explorer extraction for UN Environment Programme,0.14217
2010,E,Global Surface Water Explorer extraction for UN Environment Programme,Reservoir minimum water area (% of total land area) [6.6.1],,Percent,Estimated,Global Surface Water Explorer extraction for UN Environment Programme,0.14161
2011,E,Global Surface Water Explorer extraction for UN Environment Programme,Reservoir minimum water area (% of total land area) [6.6.1],,Percent,Estimated,Global Surface Water Explorer extraction for UN Environment Programme,0.14158
2012,E,Global Surface Water Explorer extraction for UN Environment Programme,Reservoir minimum water area (% of total land area) [6.6.1],,Percent,Estimated,Global Surface Water Explorer extraction for UN Environment Programme,0.14158
2013,E,Global Surface Water Explorer extraction for UN Environment Programme,Reservoir minimum water area (% of total land area) [6.6.1],,Percent,Estimated,Global Surface Water Explorer extraction for UN Environment Programme,0.14157
2014,E,Global Surface Water Explorer extraction for UN Environment Programme,Reservoir minimum water area (% of total land area) [6.6.1],,Percent,Estimated,Global Surface Water Explorer extraction for UN Environment Programme,0.1416
2015,E,Global Surface Water Explorer extraction for UN Environment Programme,Reservoir minimum water area (% of total land area) [6.6.1],,Percent,Estimated,Global Surface Water Explorer extraction for UN Environment Programme,0.1416
2016,E,Global Surface Water Explorer extraction for UN Environment Programme,Reservoir minimum water area (% of total land area) [6.6.1],,Percent,Estimated,Global Surface Water Explorer extraction for UN Environment Programme,0.14162
2017,E,Global Surface Water Explorer extraction for UN Environment Programme,Reservoir minimum water area (% of total land area) [6.6.1],,Percent,Estimated,Global Surface Water Explorer extraction for UN Environment Programme,0.14166
2018,E,Global Surface Water Explorer extraction for UN Environment Programme,Reservoir minimum water area (% of total land area) [6.6.1],,Percent,Estimated,Global Surface Water Explorer extraction for UN Environment Programme,0.14169
2019,E,Global Surface Water Explorer extraction for UN Environment Programme,Reservoir minimum water area (% of total land area) [6.6.1],,Percent,Estimated,Global Surface Water Explorer extraction for UN Environment Programme,0.14172
2020,E,Global Surface Water Explorer extraction for UN Environment Programme,Reservoir minimum water area (% of total land area) [6.6.1],,Percent,Estimated,Global Surface Water Explorer extraction for UN Environment Programme,0.14174
2021,E,Global Surface Water Explorer extraction for UN Environment Programme,Reservoir minimum water area (% of total land area) [6.6.1],,Percent,Estimated,Global Surface Water Explorer extraction for UN Environment Programme,0.14177
2000,E,Global Surface Water Explorer extraction for UN Environment Programme,Reservoir maximum water area (square kilometres) [6.6.1],,Square kilometers,Estimated,Global Surface Water Explorer extraction for UN Environment Programme,10498.50377
2001,E,Global Surface Water Explorer extraction for UN Environment Programme,Reservoir maximum water area (square kilometres) [6.6.1],,Square kilometers,Estimated,Global Surface Water Explorer extraction for UN Environment Programme,10505.97002
2002,E,Global Surface Water Explorer extraction for UN Environment Programme,Reservoir maximum water area (square kilometres) [6.6.1],,Square kilometers,Estimated,Global Surface Water Explorer extraction for UN Environment Programme,16202.60787
2003,E,Global Surface Water Explorer extraction for UN Environment Programme,Reservoir maximum water area (square kilometres) [6.6.1],,Square kilometers,Estimated,Global Surface Water Explorer extraction for UN Environment Programme,21897.57913
2004,E,Global Surface Water Explorer extraction for UN Environment Programme,Reservoir maximum water area (square kilometres) [6.6.1],,Square kilometers,Estimated,Global Surface Water Explorer extraction for UN Environment Programme,27594.58013
2005,E,Global Surface Water Explorer extraction for UN Environment Programme,Reservoir maximum water area (square kilometres) [6.6.1],,Square kilometers,Estimated,Global Surface Water Explorer extraction for UN Environment Programme,28480.59127
2006,E,Global Surface Water Explorer extraction for UN Environment Programme,Reservoir maximum water area (square kilometres) [6.6.1],,Square kilometers,Estimated,Global Surface Water Explorer extraction for UN Environment Programme,28476.49936
2007,E,Global Surface Water Explorer extraction for UN Environment Programme,Reservoir maximum water area (square kilometres) [6.6.1],,Square kilometers,Estimated,Global Surface Water Explorer extraction for UN Environment Programme,28462.36031
2008,E,Global Surface Water Explorer extraction for UN Environment Programme,Reservoir maximum water area (square kilometres) [6.6.1],,Square kilometers,Estimated,Global Surface Water Explorer extraction for UN Environment Programme,28453.09706
2009,E,Global Surface Water Explorer extraction for UN Environment Programme,Reservoir maximum water area (square kilometres) [6.6.1],,Square kilometers,Estimated,Global Surface Water Explorer extraction for UN Environment Programme,28437.27705
2010,E,Global Surface Water Explorer extraction for UN Environment Programme,Reservoir maximum water area (square kilometres) [6.6.1],,Square kilometers,Estimated,Global Surface Water Explorer extraction for UN Environment Programme,28427.5715
2011,E,Global Surface Water Explorer extraction for UN Environment Programme,Reservoir maximum water area (square kilometres) [6.6.1],,Square kilometers,Estimated,Global Surface Water Explorer extraction for UN Environment Programme,28423.11285
2012,E,Global Surface Water Explorer extraction for UN Environment Programme,Reservoir maximum water area (square kilometres) [6.6.1],,Square kilometers,Estimated,Global Surface Water Explorer extraction for UN Environment Programme,28424.94448
2013,E,Global Surface Water Explorer extraction for UN Environment Programme,Reservoir maximum water area (square kilometres) [6.6.1],,Square kilometers,Estimated,Global Surface Water Explorer extraction for UN Environment Programme,28423.90443
2014,E,Global Surface Water Explorer extraction for UN Environment Programme,Reservoir maximum water area (square kilometres) [6.6.1],,Square kilometers,Estimated,Global Surface Water Explorer extraction for UN Environment Programme,28431.47385
2015,E,Global Surface Water Explorer extraction for UN Environment Programme,Reservoir maximum water area (square kilometres) [6.6.1],,Square kilometers,Estimated,Global Surface Water Explorer extraction for UN Environment Programme,28433.71487
2016,E,Global Surface Water Explorer extraction for UN Environment Programme,Reservoir maximum water area (square kilometres) [6.6.1],,Square kilometers,Estimated,Global Surface Water Explorer extraction for UN Environment Programme,28437.79725
2017,E,Global Surface Water Explorer extraction for UN Environment Programme,Reservoir maximum water area (square kilometres) [6.6.1],,Square kilometers,Estimated,Global Surface Water Explorer extraction for UN Environment Programme,28446.90508
2018,E,Global Surface Water Explorer extraction for UN Environment Programme,Reservoir maximum water area (square kilometres) [6.6.1],,Square kilometers,Estimated,Global Surface Water Explorer extraction for UN Environment Programme,28455.73765
2019,E,Global Surface Water Explorer extraction for UN Environment Programme,Reservoir maximum water area (square kilometres) [6.6.1],,Square kilometers,Estimated,Global Surface Water Explorer extraction for UN Environment Programme,28461.21277
2020,E,Global Surface Water Explorer extraction for UN Environment Programme,Reservoir maximum water area (square kilometres) [6.6.1],,Square kilometers,Estimated,Global Surface Water Explorer extraction for UN Environment Programme,28467.29659
2021,E,Global Surface Water Explorer extraction for UN Environment Programme,Reservoir maximum water area (square kilometres) [6.6.1],,Square kilometers,Estimated,Global Surface Water Explorer extraction for UN Environment Programme,28473.61612
2000,E,Global Surface Water Explorer extraction for UN Environment Programme,Reservoir maximum water area (% of total land area) [6.6.1],,Percent,Estimated,Global Surface Water Explorer extraction for UN Environment Programme,0.05254
2001,E,Global Surface Water Explorer extraction for UN Environment Programme,Reservoir maximum water area (% of total land area) [6.6.1],,Percent,Estimated,Global Surface Water Explorer extraction for UN Environment Programme,0.05258
2002,E,Global Surface Water Explorer extraction for UN Environment Programme,Reservoir maximum water area (% of total land area) [6.6.1],,Percent,Estimated,Global Surface Water Explorer extraction for UN Environment Programme,0.08109
2003,E,Global Surface Water Explorer extraction for UN Environment Programme,Reservoir maximum water area (% of total land area) [6.6.1],,Percent,Estimated,Global Surface Water Explorer extraction for UN Environment Programme,0.10959
2004,E,Global Surface Water Explorer extraction for UN Environment Programme,Reservoir maximum water area (% of total land area) [6.6.1],,Percent,Estimated,Global Surface Water Explorer extraction for UN Environment Programme,0.1381
2005,E,Global Surface Water Explorer extraction for UN Environment Programme,Reservoir maximum water area (% of total land area) [6.6.1],,Percent,Estimated,Global Surface Water Explorer extraction for UN Environment Programme,0.14254
2006,E,Global Surface Water Explorer extraction for UN Environment Programme,Reservoir maximum water area (% of total land area) [6.6.1],,Percent,Estimated,Global Surface Water Explorer extraction for UN Environment Programme,0.14252
2007,E,Global Surface Water Explorer extraction for UN Environment Programme,Reservoir maximum water area (% of total land area) [6.6.1],,Percent,Estimated,Global Surface Water Explorer extraction for UN Environment Programme,0.14245
2008,E,Global Surface Water Explorer extraction for UN Environment Programme,Reservoir maximum water area (% of total land area) [6.6.1],,Percent,Estimated,Global Surface Water Explorer extraction for UN Environment Programme,0.1424
2009,E,Global Surface Water Explorer extraction for UN Environment Programme,Reservoir maximum water area (% of total land area) [6.6.1],,Percent,Estimated,Global Surface Water Explorer extraction for UN Environment Programme,0.14232
2010,E,Global Surface Water Explorer extraction for UN Environment Programme,Reservoir maximum water area (% of total land area) [6.6.1],,Percent,Estimated,Global Surface Water Explorer extraction for UN Environment Programme,0.14177
2011,E,Global Surface Water Explorer extraction for UN Environment Programme,Reservoir maximum water area (% of total land area) [6.6.1],,Percent,Estimated,Global Surface Water Explorer extraction for UN Environment Programme,0.14175
2012,E,Global Surface Water Explorer extraction for UN Environment Programme,Reservoir maximum water area (% of total land area) [6.6.1],,Percent,Estimated,Global Surface Water Explorer extraction for UN Environment Programme,0.14176
2013,E,Global Surface Water Explorer extraction for UN Environment Programme,Reservoir maximum water area (% of total land area) [6.6.1],,Percent,Estimated,Global Surface Water Explorer extraction for UN Environment Programme,0.14175
2014,E,Global Surface Water Explorer extraction for UN Environment Programme,Reservoir maximum water area (% of total land area) [6.6.1],,Percent,Estimated,Global Surface Water Explorer extraction for UN Environment Programme,0.14179
2015,E,Global Surface Water Explorer extraction for UN Environment Programme,Reservoir maximum water area (% of total land area) [6.6.1],,Percent,Estimated,Global Surface Water Explorer extraction for UN Environment Programme,0.1418
2016,E,Global Surface Water Explorer extraction for UN Environment Programme,Reservoir maximum water area (% of total land area) [6.6.1],,Percent,Estimated,Global Surface Water Explorer extraction for UN Environment Programme,0.14182
2017,E,Global Surface Water Explorer extraction for UN Environment Programme,Reservoir maximum water area (% of total land area) [6.6.1],,Percent,Estimated,Global Surface Water Explorer extraction for UN Environment Programme,0.14187
2018,E,Global Surface Water Explorer extraction for UN Environment Programme,Reservoir maximum water area (% of total land area) [6.6.1],,Percent,Estimated,Global Surface Water Explorer extraction for UN Environment Programme,0.14191
2019,E,Global Surface Water Explorer extraction for UN Environment Programme,Reservoir maximum water area (% of total land area) [6.6.1],,Percent,Estimated,Global Surface Water Explorer extraction for UN Environment Programme,0.14194
2020,E,Global Surface Water Explorer extraction for UN Environment Programme,Reservoir maximum water area (% of total land area) [6.6.1],,Percent,Estimated,Global Surface Water Explorer extraction for UN Environment Programme,0.14197
2021,E,Global Surface Water Explorer extraction for UN Environment Programme,Reservoir maximum water area (% of total land area) [6.6.1],,Percent,Estimated,Global Surface Water Explorer extraction for UN Environment Programme,0.142
2021,C,Ramsar National Report COP14,Extent of inland wetlands (square kilometres) [6.6.1],,Square kilometers,Country Data,Ramsar National Report COP14,21526.03
2017,E,Global Surface Water Explorer extraction for UN Environment Programme,Wetlands area (square kilometres) [6.6.1],,Square kilometers,Estimated,Global Surface Water Explorer extraction for UN Environment Programme,7868.6
2017,E,Global Surface Water Explorer extraction for UN Environment Programme,Wetlands area (% of total land area) [6.6.1],,Percent,Estimated,Global Surface Water Explorer extraction for UN Environment Programme,3.26
