Year,SDG Series,Sex,Value
2017,Proportion of children engaged in economic activity [8.7.1],,13.2
2017,Proportion of children engaged in economic activity [8.7.1],Female,11.8
2017,Proportion of children engaged in economic activity [8.7.1],Male,14.7
2017,Proportion of children engaged in economic activity and household chores [8.7.1],,18.1
2017,Proportion of children engaged in economic activity and household chores [8.7.1],Female,19.0
2017,Proportion of children engaged in economic activity and household chores [8.7.1],Male,17.2
