Year,COMMENT_OBS,SOURCE_DETAIL,Value
2003,Age coverage - minimum age: 10 years old,UGA - LFS - National Labour Force Survey,6.1
2005,,UGA - HIES - National Household Survey,4.1
2009,"Population coverage: Excluding both institutional population and armed forces and/or conscripts | Age coverage - minimum age: 10 years old | Age coverage - maximum age: 76 years or older, but bounded",UGA - HIES - National Household Survey,5.0
2012,Repository: ILO-STATISTICS - Micro data processing | Break in series: Methodology revised,UGA - LFS - National Labour Force Survey,5.0
2013,Population coverage: Excluding both institutional population and armed forces and/or conscripts | Age coverage - maximum age: 64 years old,UGA - HIES - National Household Survey,4.4
2017,Repository: ILO-STATISTICS - Micro data processing | Employment definition: Excluding own-use production workers | Break in series: Methodology revised,UGA - LFS - National Labour Force Survey,8.2
